会社名,路線系統,所属基地,形式,番台,編成名,号車,略号,車両番号,車両ID,始,終,見出しアイコン,車体アイコン,左パンタ,右パンタ,左台車,中台車,右台車,左方向,右方向,ATACS-ID,ラッピング,消滅済,見出し特記事項,変遷変更点,編成情報(選択),編成情報(記述),車両情報(選択),車両情報(記述),集電装置,主電動機,制御装置,補助電源装置,空気圧縮機,動力台車,付随台車
JR北海道,札幌近郊エリア,札幌運転所,721系,0番台,F-1,1,Tc,クハ721-1,721-01,1988/09/29,,721,721-1,,,t,,t,苫小牧・滝川,北海道医療大学・小樽,,,,0番台,,,,wc,,,,,,,,
JR北海道,札幌近郊エリア,札幌運転所,721系,0番台,F-1,2,M,モハ721-1,721-02,1988/09/29,,721,721-2,,＜,m,,m,苫小牧・滝川,北海道医療大学・小樽,,,,0番台,,,,,,,,,,,,
JR北海道,札幌近郊エリア,札幌運転所,721系,0番台,F-1,3,Mc,クモハ721-1,721-03,1988/09/29,,721,721-3,,,m,,m,苫小牧・滝川,北海道医療大学・小樽,,,,0番台,,,,,,,,,,,,
JR北海道,札幌近郊エリア,札幌運転所,721系,0番台,F-2,1,Tc,クハ721-2,721-04,1988/09/29,,721,721-1,,,t,,t,苫小牧・滝川,北海道医療大学・小樽,,,,0番台,,,,wc,,,,,,,,
JR北海道,札幌近郊エリア,札幌運転所,721系,0番台,F-2,2,M,モハ721-2,721-05,1988/09/29,,721,721-2,,＜,m,,m,苫小牧・滝川,北海道医療大学・小樽,,,,0番台,,,,,,,,,,,,
JR北海道,札幌近郊エリア,札幌運転所,721系,0番台,F-2,3,Mc,クモハ721-2,721-06,1988/09/29,,721,721-3,,,m,,m,苫小牧・滝川,北海道医療大学・小樽,,,,0番台,,,,,,,,,,,,
JR北海道,札幌近郊エリア,札幌運転所,721系,0番台,F-3,1,Tc,クハ721-3,721-07,1988/10/01,,721,721-1,,,t,,t,苫小牧・滝川,北海道医療大学・小樽,,,,0番台,,,,wc,,,,,,,,
JR北海道,札幌近郊エリア,札幌運転所,721系,0番台,F-3,2,M,モハ721-3,721-08,1988/10/01,,721,721-2,,＜,m,,m,苫小牧・滝川,北海道医療大学・小樽,,,,0番台,,,,,,,,,,,,
JR北海道,札幌近郊エリア,札幌運転所,721系,0番台,F-3,3,Mc,クモハ721-3,721-09,1988/10/01,,721,721-3,,,m,,m,苫小牧・滝川,北海道医療大学・小樽,,,,0番台,,,,,,,,,,,,
JR北海道,札幌近郊エリア,札幌運転所,721系,0番台,F-4,1,Tc,クハ721-4,721-10,1988/10/02,2024/04/15,721,721-1,,,t,,t,苫小牧・滝川,北海道医療大学・小樽,,,,0番台,,,,wc,,,,,,,,
JR北海道,札幌近郊エリア,札幌運転所,721系,0番台,F-4,2,M,モハ721-4,721-11,1988/10/02,2024/04/15,721,721-2,,＜,m,,m,苫小牧・滝川,北海道医療大学・小樽,,,,0番台,,,,,,,,,,,,
JR北海道,札幌近郊エリア,札幌運転所,721系,0番台,F-4,3,Mc,クモハ721-4,721-12,1988/10/02,2024/04/15,721,721-3,,,m,,m,苫小牧・滝川,北海道医療大学・小樽,,,,0番台,,,,,,,,,,,,
JR北海道,札幌近郊エリア,札幌運転所,721系,0番台,F-5,1,Tc,クハ721-5,721-13,1988/10/06,2024/05/31,721,721-1,,,t,,t,苫小牧・滝川,北海道医療大学・小樽,,,,0番台,,,,wc,,,,,,,,
JR北海道,札幌近郊エリア,札幌運転所,721系,0番台,F-5,2,M,モハ721-5,721-14,1988/10/06,2024/05/31,721,721-2,,＜,m,,m,苫小牧・滝川,北海道医療大学・小樽,,,,0番台,,,,,,,,,,,,
JR北海道,札幌近郊エリア,札幌運転所,721系,0番台,F-5,3,Mc,クモハ721-5,721-15,1988/10/06,2024/05/31,721,721-3,,,m,,m,苫小牧・滝川,北海道医療大学・小樽,,,,0番台,,,,,,,,,,,,
JR北海道,札幌近郊エリア,札幌運転所,721系,0番台,F-6,1,Tc,クハ721-6,721-16,1988/10/06,2024/06/21,721,721-1,,,t,,t,苫小牧・滝川,北海道医療大学・小樽,,,,0番台,,,,wc,,,,,,,,
JR北海道,札幌近郊エリア,札幌運転所,721系,0番台,F-6,2,M,モハ721-6,721-17,1988/10/06,2024/06/21,721,721-2,,＜,m,,m,苫小牧・滝川,北海道医療大学・小樽,,,,0番台,,,,,,,,,,,,
JR北海道,札幌近郊エリア,札幌運転所,721系,0番台,F-6,3,Mc,クモハ721-6,721-18,1988/10/06,2024/06/21,721,721-3,,,m,,m,苫小牧・滝川,北海道医療大学・小樽,,,,0番台,,,,,,,,,,,,
JR北海道,札幌近郊エリア,札幌運転所,721系,0番台,F-7,1,Tc,クハ721-7,721-19,1988/10/20,2010/07/09,721,721-1,,,t,,t,苫小牧・滝川,北海道医療大学・小樽,,,,0番台,,,,wc,,,,,,,,
JR北海道,札幌近郊エリア,札幌運転所,721系,0番台,F-7,2,M,モハ721-7,721-20,1988/10/20,2010/07/09,721,721-2,,＜,m,,m,苫小牧・滝川,北海道医療大学・小樽,,,,0番台,,,,,,,,,,,,
JR北海道,札幌近郊エリア,札幌運転所,721系,0番台,F-7,3,Mc,クモハ721-7,721-21,1988/10/20,2010/07/09,721,721-3,,,m,,m,苫小牧・滝川,北海道医療大学・小樽,,,,0番台,,,,,,,,,,,,
JR北海道,札幌近郊エリア,札幌運転所,721系,0番台,F-8,1,Tc,クハ721-8,721-22,1988/10/21,,721,721-1,,,t,,t,苫小牧・滝川,北海道医療大学・小樽,,,,0番台,,,,wc,,,,,,,,
JR北海道,札幌近郊エリア,札幌運転所,721系,0番台,F-8,2,M,モハ721-8,721-23,1988/10/21,,721,721-2,,＜,m,,m,苫小牧・滝川,北海道医療大学・小樽,,,,0番台,,,,,,,,,,,,
JR北海道,札幌近郊エリア,札幌運転所,721系,0番台,F-8,3,Mc,クモハ721-8,721-24,1988/10/21,,721,721-3,,,m,,m,苫小牧・滝川,北海道医療大学・小樽,,,,0番台,,,,,,,,,,,,
JR北海道,札幌近郊エリア,札幌運転所,721系,0番台,F-9,1,Tc,クハ721-9,721-25,1989/06/27,,721,721-1,,,t,,t,苫小牧・滝川,北海道医療大学・小樽,,,,0番台,,,,wc,,,,,,,,
JR北海道,札幌近郊エリア,札幌運転所,721系,0番台,F-9,2,M,モハ721-9,721-26,1989/06/27,,721,721-2,,＜,m,,m,苫小牧・滝川,北海道医療大学・小樽,,,,0番台,,,,,,,,,,,,
JR北海道,札幌近郊エリア,札幌運転所,721系,0番台,F-9,3,Mc,クモハ721-9,721-27,1989/06/27,,721,721-3,,,m,,m,苫小牧・滝川,北海道医療大学・小樽,,,,0番台,,,,,,,,,,,,
JR北海道,札幌近郊エリア,札幌運転所,721系,0番台,F-10,1,Tc,クハ721-10,721-28,1989/06/29,,721,721-1,,,t,,t,苫小牧・滝川,北海道医療大学・小樽,,,,0番台,,,,wc,,,,,,,,
JR北海道,札幌近郊エリア,札幌運転所,721系,0番台,F-10,2,M,モハ721-10,721-29,1989/06/29,,721,721-2,,＜,m,,m,苫小牧・滝川,北海道医療大学・小樽,,,,0番台,,,,,,,,,,,,
JR北海道,札幌近郊エリア,札幌運転所,721系,0番台,F-10,3,Mc,クモハ721-10,721-30,1989/06/29,,721,721-3,,,m,,m,苫小牧・滝川,北海道医療大学・小樽,,,,0番台,,,,,,,,,,,,
JR北海道,札幌近郊エリア,札幌運転所,721系,0番台,F-11,1,Tc,クハ721-11,721-31,1989/07/02,,721,721-1,,,t,,t,苫小牧・滝川,北海道医療大学・小樽,,,,0番台,,,,wc,,,,,,,,
JR北海道,札幌近郊エリア,札幌運転所,721系,0番台,F-11,2,M,モハ721-11,721-32,1989/07/02,,721,721-2,,＜,m,,m,苫小牧・滝川,北海道医療大学・小樽,,,,0番台,,,,,,,,,,,,
JR北海道,札幌近郊エリア,札幌運転所,721系,0番台,F-11,3,Mc,クモハ721-11,721-33,1989/07/02,,721,721-3,,,m,,m,苫小牧・滝川,北海道医療大学・小樽,,,,0番台,,,,,,,,,,,,
JR北海道,札幌近郊エリア,札幌運転所,721系,0番台,F-12,1,Tc,クハ721-12,721-34,1989/07/10,,721,721-1,,,t,,t,苫小牧・滝川,北海道医療大学・小樽,,,,0番台,,,,wc,,,,,,,,
JR北海道,札幌近郊エリア,札幌運転所,721系,0番台,F-12,2,M,モハ721-12,721-35,1989/07/10,,721,721-2,,＜,m,,m,苫小牧・滝川,北海道医療大学・小樽,,,,0番台,,,,,,,,,,,,
JR北海道,札幌近郊エリア,札幌運転所,721系,0番台,F-12,3,Mc,クモハ721-12,721-36,1989/07/10,,721,721-3,,,m,,m,苫小牧・滝川,北海道医療大学・小樽,,,,0番台,,,,,,,,,,,,
JR北海道,札幌近郊エリア,札幌運転所,721系,0番台,F-13,1,Tc,クハ721-13,721-37,1989/06/07,,721,721-1,,,t,,t,苫小牧・滝川,北海道医療大学・小樽,,,,0番台,,,,wc,,,,,,,,
JR北海道,札幌近郊エリア,札幌運転所,721系,0番台,F-13,2,M,モハ721-13,721-38,1989/06/07,,721,721-2,,＜,m,,m,苫小牧・滝川,北海道医療大学・小樽,,,,0番台,,,,,,,,,,,,
JR北海道,札幌近郊エリア,札幌運転所,721系,0番台,F-13,3,Mc,クモハ721-13,721-39,1989/06/07,,721,721-3,,,m,,m,苫小牧・滝川,北海道医療大学・小樽,,,,0番台,,,,,,,,,,,,
JR北海道,札幌近郊エリア,札幌運転所,721系,0番台,F-14,1,Tc,クハ721-14,721-40,1989/06/07,,721,721-1,,,t,,t,苫小牧・滝川,北海道医療大学・小樽,,,,0番台,,,,wc,,,,,,,,
JR北海道,札幌近郊エリア,札幌運転所,721系,0番台,F-14,2,M,モハ721-14,721-41,1989/06/07,,721,721-2,,＜,m,,m,苫小牧・滝川,北海道医療大学・小樽,,,,0番台,,,,,,,,,,,,
JR北海道,札幌近郊エリア,札幌運転所,721系,0番台,F-14,3,Mc,クモハ721-14,721-42,1989/06/07,,721,721-3,,,m,,m,苫小牧・滝川,北海道医療大学・小樽,,,,0番台,,,,,,,,,,,,
JR北海道,札幌近郊エリア,札幌運転所,721系,0番台,F-15,1,Tc,クハ721-15,721-43,1989/05/31,2000/??/??,721,721-1,,,t,,t,苫小牧・滝川,北海道医療大学・小樽,,,,0番台,,,,wc,,,,,,,,
JR北海道,札幌近郊エリア,札幌運転所,721系,0番台,F-15,2,M,モハ721-15,721-44,1989/05/31,2000/??/??,721,721-2,,＜,m,,m,苫小牧・滝川,北海道医療大学・小樽,,,,0番台,,,,,,,,,,,,
JR北海道,札幌近郊エリア,札幌運転所,721系,0番台,F-15,3,Mc,クモハ721-15,721-45,1989/05/31,2000/??/??,721,721-3,,,m,,m,苫小牧・滝川,北海道医療大学・小樽,,,,0番台,,,,,,,,,,,,
JR北海道,札幌近郊エリア,札幌運転所,721系,0番台,F-16,1,Tc,クハ721-16,721-46,1989/05/31,2002/02/08,721,721-1,,,t,,t,苫小牧・滝川,北海道医療大学・小樽,,,,0番台,,,,wc,,,,,,,,
JR北海道,札幌近郊エリア,札幌運転所,721系,0番台,F-16,2,M,モハ721-16,721-47,1989/05/31,2002/02/08,721,721-2,,＜,m,,m,苫小牧・滝川,北海道医療大学・小樽,,,,0番台,,,,,,,,,,,,
JR北海道,札幌近郊エリア,札幌運転所,721系,0番台,F-16,3,Mc,クモハ721-16,721-48,1989/05/31,2002/02/08,721,721-3,,,m,,m,苫小牧・滝川,北海道医療大学・小樽,,,,0番台,,,,,,,,,,,,
JR北海道,札幌近郊エリア,札幌運転所,721系,0番台,F-17,1,Tc,クハ721-17,721-49,1991/03/02,2000/??/??,721,721-1,,,t,,t,苫小牧・滝川,北海道医療大学・小樽,,,,0番台,,,,wc,,,,,,,,
JR北海道,札幌近郊エリア,札幌運転所,721系,0番台,F-17,2,M,モハ721-17,721-50,1991/03/02,2000/??/??,721,721-2,,＜,m,,m,苫小牧・滝川,北海道医療大学・小樽,,,,0番台,,,,,,,,,,,,
JR北海道,札幌近郊エリア,札幌運転所,721系,0番台,F-17,3,Mc,クモハ721-17,721-51,1991/03/02,2000/??/??,721,721-3,,,m,,m,苫小牧・滝川,北海道医療大学・小樽,,,,0番台,,,,,,,,,,,,
JR北海道,札幌近郊エリア,札幌運転所,721系,0番台,F-18,1,Tc,クハ721-18,721-52,1991/02/23,2001/12/05,721,721-1,,,t,,t,苫小牧・滝川,北海道医療大学・小樽,,,,0番台,,,,wc,,,,,,,,
JR北海道,札幌近郊エリア,札幌運転所,721系,0番台,F-18,2,M,モハ721-18,721-53,1991/02/23,2001/12/05,721,721-2,,＜,m,,m,苫小牧・滝川,北海道医療大学・小樽,,,,0番台,,,,,,,,,,,,
JR北海道,札幌近郊エリア,札幌運転所,721系,0番台,F-18,3,Mc,クモハ721-18,721-54,1991/02/23,2001/12/05,721,721-3,,,m,,m,苫小牧・滝川,北海道医療大学・小樽,,,,0番台,,,,,,,,,,,,
JR北海道,札幌近郊エリア,札幌運転所,721系,0番台,F-19,1,Tc,クハ721-19,721-55,1991/09/29,2000/??/??,721,721-1,,,t,,t,苫小牧・滝川,北海道医療大学・小樽,,,,0番台,,,,wc,,,,,,,,
JR北海道,札幌近郊エリア,札幌運転所,721系,0番台,F-19,2,M,モハ721-19,721-56,1991/09/29,2000/??/??,721,721-2,,＜,m,,m,苫小牧・滝川,北海道医療大学・小樽,,,,0番台,,,,,,,,,,,,
JR北海道,札幌近郊エリア,札幌運転所,721系,0番台,F-19,3,Mc,クモハ721-19,721-57,1991/09/29,2000/??/??,721,721-3,,,m,,m,苫小牧・滝川,北海道医療大学・小樽,,,,0番台,,,,,,,,,,,,
JR北海道,札幌近郊エリア,札幌運転所,721系,0番台,F-20,1,Tc,クハ721-20,721-58,1991/09/29,2002/03/28,721,721-1,,,t,,t,苫小牧・滝川,北海道医療大学・小樽,,,,0番台,,,,wc,,,,,,,,
JR北海道,札幌近郊エリア,札幌運転所,721系,0番台,F-20,2,M,モハ721-20,721-59,1991/09/29,2002/03/28,721,721-2,,＜,m,,m,苫小牧・滝川,北海道医療大学・小樽,,,,0番台,,,,,,,,,,,,
JR北海道,札幌近郊エリア,札幌運転所,721系,0番台,F-20,3,Mc,クモハ721-20,721-60,1991/09/29,2002/03/28,721,721-3,,,m,,m,苫小牧・滝川,北海道医療大学・小樽,,,,0番台,,,,,,,,,,,,
JR北海道,札幌近郊エリア,札幌運転所,721系,0番台,F-21,1,Tc,クハ721-21,721-61,1991/10/01,2002/03/07,721,721-1,,,t,,t,苫小牧・滝川,北海道医療大学・小樽,,,,0番台,,,,wc,,,,,,,,
JR北海道,札幌近郊エリア,札幌運転所,721系,0番台,F-21,2,M,モハ721-21,721-62,1991/10/01,2002/03/07,721,721-2,,＜,m,,m,苫小牧・滝川,北海道医療大学・小樽,,,,0番台,,,,,,,,,,,,
JR北海道,札幌近郊エリア,札幌運転所,721系,0番台,F-21,3,Mc,クモハ721-21,721-63,1991/10/01,2002/03/07,721,721-3,,,m,,m,苫小牧・滝川,北海道医療大学・小樽,,,,0番台,,,,,,,,,,,,
JR北海道,札幌近郊エリア,札幌運転所,721系,0番台,F-22,1,Tc,クハ721-22,721-64,1991/10/01,1992/06/13,721,721-1,,,t,,t,苫小牧・滝川,北海道医療大学・小樽,,,,0番台,,,,wc,,,,,,,,
JR北海道,札幌近郊エリア,札幌運転所,721系,0番台,F-22,2,M,モハ721-22,721-65,1991/10/01,1992/06/13,721,721-2,,＜,m,,m,苫小牧・滝川,北海道医療大学・小樽,,,,0番台,,,,,,,,,,,,
JR北海道,札幌近郊エリア,札幌運転所,721系,0番台,F-22,3,Mc,クモハ721-22,721-66,1991/10/01,1992/06/13,721,721-3,,,m,,m,苫小牧・滝川,北海道医療大学・小樽,,,,0番台,,,,,,,,,,,,
JR北海道,札幌近郊エリア,札幌運転所,721系,0番台,F-23+22,1,Tc,クハ721-22,721-64,1992/06/13,2000/??/??,721,721-1,,,t,,t,新千歳空港,小樽,,,,0番台,6両化と一部指定席化した編成,,,wc,,,,,,,,
JR北海道,札幌近郊エリア,札幌運転所,721系,0番台,F-23+22,2,M,モハ721-23,721-67,1992/06/13,2000/??/??,721,721-2,,＜,m,,m,新千歳空港,小樽,,,,0番台,,,,,,,,,,,,
JR北海道,札幌近郊エリア,札幌運転所,721系,0番台,F-23+22,3,M',モハ720-23,721-68,1992/06/13,2000/??/??,721,721-2,,,m,,m,新千歳空港,小樽,,,,0番台,,,,,,,,,,,,
JR北海道,札幌近郊エリア,札幌運転所,721系,0番台,F-23+22,4,T,サハ721-22,721-69,1992/06/13,2000/??/??,721,721-2,,,t,,t,新千歳空港,小樽,,,,0番台,,,,"wc,rs",新千歳空港側半室指定席,,,,,,,
JR北海道,札幌近郊エリア,札幌運転所,721系,0番台,F-23+22,5,M,モハ721-22,721-65,1992/06/13,2000/??/??,721,721-2,,＜,m,,m,新千歳空港,小樽,,,,0番台,6両化と一部指定席化した編成,,,,,,,,,,,
JR北海道,札幌近郊エリア,札幌運転所,721系,0番台,F-23+22,6,Mc,クモハ721-22,721-66,1992/06/13,2000/??/??,721,721-3,,,m,,m,新千歳空港,小樽,,,,0番台,6両化と一部指定席化した編成,,,,,,,,,,,
JR北海道,札幌近郊エリア,札幌運転所,721系,0番台,F-15,1,Tc,クハ721-15,721-43,2000/??/??,2002/03/30,721,721-5,,,t,,t,新千歳空港,小樽,,,,0番台uシート設置,半室uシートを設置した編成,,,"u,wc",新千歳空港側半室uシート,,,,,,,
JR北海道,札幌近郊エリア,札幌運転所,721系,0番台,F-15,2,M,モハ721-15,721-44,2000/??/??,2002/03/30,721,721-2,,＜,m,,m,新千歳空港,小樽,,,,0番台uシート設置,半室uシートを設置した編成,,,,,,,,,,,
JR北海道,札幌近郊エリア,札幌運転所,721系,0番台,F-15,3,Mc,クモハ721-15,721-45,2000/??/??,2002/03/30,721,721-3,,,m,,m,新千歳空港,小樽,,,,0番台uシート設置,半室uシートを設置した編成,,,,,,,,,,,
JR北海道,札幌近郊エリア,札幌運転所,721系,0番台,F-17,1,Tc,クハ721-17,721-49,2000/??/??,2001/07/26,721,721-5,,,t,,t,新千歳空港,小樽,,,,0番台uシート設置,半室uシートを設置した編成,,,"u,wc",新千歳空港側半室uシート,,,,,,,
JR北海道,札幌近郊エリア,札幌運転所,721系,0番台,F-17,2,M,モハ721-17,721-50,2000/??/??,2001/07/26,721,721-2,,＜,m,,m,新千歳空港,小樽,,,,0番台uシート設置,半室uシートを設置した編成,,,,,,,,,,,
JR北海道,札幌近郊エリア,札幌運転所,721系,0番台,F-17,3,Mc,クモハ721-17,721-51,2000/??/??,2001/07/26,721,721-3,,,m,,m,新千歳空港,小樽,,,,0番台uシート設置,半室uシートを設置した編成,,,,,,,,,,,
JR北海道,札幌近郊エリア,札幌運転所,721系,0番台,F-19,1,Tc,クハ721-19,721-55,2000/??/??,2001/11/28,721,721-5,,,t,,t,新千歳空港,小樽,,,,0番台uシート設置,半室uシートを設置した編成,,,"u,wc",新千歳空港側半室uシート,,,,,,,
JR北海道,札幌近郊エリア,札幌運転所,721系,0番台,F-19,2,M,モハ721-19,721-56,2000/??/??,2001/11/28,721,721-2,,＜,m,,m,新千歳空港,小樽,,,,0番台uシート設置,半室uシートを設置した編成,,,,,,,,,,,
JR北海道,札幌近郊エリア,札幌運転所,721系,0番台,F-19,3,Mc,クモハ721-19,721-57,2000/??/??,2001/11/28,721,721-3,,,m,,m,新千歳空港,小樽,,,,0番台uシート設置,半室uシートを設置した編成,,,,,,,,,,,
JR北海道,札幌近郊エリア,札幌運転所,721系,0番台,F-23+22,1,Tc,クハ721-22,721-64,2000/??/??,2001/10/31,721,721-1,,,t,,t,新千歳空港,小樽,,,,0番台uシート設置,半室uシートを設置した編成,,,wc,,,,,,,,
JR北海道,札幌近郊エリア,札幌運転所,721系,0番台,F-23+22,2,M,モハ721-23,721-67,2000/??/??,2001/10/31,721,721-2,,＜,m,,m,新千歳空港,小樽,,,,0番台uシート設置,半室uシートを設置した編成,,,,,,,,,,,
JR北海道,札幌近郊エリア,札幌運転所,721系,0番台,F-23+22,3,M',モハ720-23,721-68,2000/??/??,2001/10/31,721,721-2,,,m,,m,新千歳空港,小樽,,,,0番台uシート設置,半室uシートを設置した編成,,,,,,,,,,,
JR北海道,札幌近郊エリア,札幌運転所,721系,0番台,F-23+22,4,T,サハ721-22,721-69,2000/??/??,2001/10/31,721,721-4,,,t,,t,新千歳空港,小樽,,,,0番台uシート設置,半室uシートを設置した編成,,,"u,wc",新千歳空港側半室uシート,,,,,,,
JR北海道,札幌近郊エリア,札幌運転所,721系,0番台,F-23+22,5,M,モハ721-22,721-65,2000/??/??,2001/10/31,721,721-2,,＜,m,,m,新千歳空港,小樽,,,,0番台uシート設置,半室uシートを設置した編成,,,,,,,,,,,
JR北海道,札幌近郊エリア,札幌運転所,721系,0番台,F-23+22,6,Mc,クモハ721-22,721-66,2000/??/??,2001/10/31,721,721-3,,,m,,m,新千歳空港,小樽,,,,0番台uシート設置,半室uシートを設置した編成,,,,,,,,,,,
JR北海道,札幌近郊エリア,札幌運転所,721系,100+200番台,F-101+201,1,Tc,クハ721-101,721-101,1992/06/04,2001/12/21,721,721-1,,,t,,t,新千歳空港,小樽,,,◯,100+200番台,,,,wc,,,,,,,,
JR北海道,札幌近郊エリア,札幌運転所,721系,100+200番台,F-101+201,2,M,モハ721-101,721-102,1992/06/04,2001/12/21,721,721-2,,＜,m,,m,新千歳空港,小樽,,,◯,100+200番台,,,,,,,,,,,,
JR北海道,札幌近郊エリア,札幌運転所,721系,100+200番台,F-101+201,3,M',モハ720-101,721-103,1992/06/04,2001/12/21,721,721-2,,,m,,m,新千歳空港,小樽,,,◯,100+200番台,,,,,,,,,,,,
JR北海道,札幌近郊エリア,札幌運転所,721系,100+200番台,F-101+201,4,T,サハ721-201,721-104,1992/06/04,2001/12/21,721,721-2,,,t,,t,新千歳空港,小樽,,,◯,100+200番台,,,,"wc,rs",新千歳空港側半室指定席,,,,,,,
JR北海道,札幌近郊エリア,札幌運転所,721系,100+200番台,F-101+201,5,M,モハ721-201,721-105,1992/06/04,2001/12/21,721,721-2,,＜,m,,m,新千歳空港,小樽,,,◯,100+200番台,,,,,,,,,,,,
JR北海道,札幌近郊エリア,札幌運転所,721系,100+200番台,F-101+201,6,Mc,クモハ721-201,721-106,1992/06/04,2001/12/21,721,721-3,,,m,,m,新千歳空港,小樽,,,◯,100+200番台,,,,,,,,,,,,
JR北海道,札幌近郊エリア,札幌運転所,721系,100+200番台,F-102+202,1,Tc,クハ721-102,721-107,1992/06/04,2001/06/28,721,721-1,,,t,,t,新千歳空港,小樽,,,◯,100+200番台,,,,wc,,,,,,,,
JR北海道,札幌近郊エリア,札幌運転所,721系,100+200番台,F-102+202,2,M,モハ721-102,721-108,1992/06/04,2001/06/28,721,721-2,,＜,m,,m,新千歳空港,小樽,,,◯,100+200番台,,,,,,,,,,,,
JR北海道,札幌近郊エリア,札幌運転所,721系,100+200番台,F-102+202,3,M',モハ720-102,721-109,1992/06/04,2001/06/28,721,721-2,,,m,,m,新千歳空港,小樽,,,◯,100+200番台,,,,,,,,,,,,
JR北海道,札幌近郊エリア,札幌運転所,721系,100+200番台,F-102+202,4,T,サハ721-202,721-110,1992/06/04,2001/06/28,721,721-2,,,t,,t,新千歳空港,小樽,,,◯,100+200番台,,,,"wc,rs",新千歳空港側半室指定席,,,,,,,
JR北海道,札幌近郊エリア,札幌運転所,721系,100+200番台,F-102+202,5,M,モハ721-202,721-111,1992/06/04,2001/06/28,721,721-2,,＜,m,,m,新千歳空港,小樽,,,◯,100+200番台,,,,,,,,,,,,
JR北海道,札幌近郊エリア,札幌運転所,721系,100+200番台,F-102+202,6,Mc,クモハ721-202,721-112,1992/06/04,2001/06/28,721,721-3,,,m,,m,新千歳空港,小樽,,,◯,100+200番台,,,,,,,,,,,,
JR北海道,札幌近郊エリア,札幌運転所,721系,100+200番台,F-103+203,1,Tc,クハ721-103,721-113,1992/06/13,2002/02/15,721,721-1,,,t,,t,新千歳空港,小樽,,,◯,100+200番台,,,,wc,,,,,,,,
JR北海道,札幌近郊エリア,札幌運転所,721系,100+200番台,F-103+203,2,M,モハ721-103,721-114,1992/06/13,2002/02/15,721,721-2,,＜,m,,m,新千歳空港,小樽,,,◯,100+200番台,,,,,,,,,,,,
JR北海道,札幌近郊エリア,札幌運転所,721系,100+200番台,F-103+203,3,M',モハ720-103,721-115,1992/06/13,2002/02/15,721,721-2,,,m,,m,新千歳空港,小樽,,,◯,100+200番台,,,,,,,,,,,,
JR北海道,札幌近郊エリア,札幌運転所,721系,100+200番台,F-103+203,4,T,サハ721-203,721-116,1992/06/13,2002/02/15,721,721-2,,,t,,t,新千歳空港,小樽,,,◯,100+200番台,,,,"wc,rs",新千歳空港側半室指定席,,,,,,,
JR北海道,札幌近郊エリア,札幌運転所,721系,100+200番台,F-103+203,5,M,モハ721-203,721-117,1992/06/13,2002/02/15,721,721-2,,＜,m,,m,新千歳空港,小樽,,,◯,100+200番台,,,,,,,,,,,,
JR北海道,札幌近郊エリア,札幌運転所,721系,100+200番台,F-103+203,6,Mc,クモハ721-203,721-118,1992/06/13,2002/02/15,721,721-3,,,m,,m,新千歳空港,小樽,,,◯,100+200番台,,,,,,,,,,,,
JR北海道,札幌近郊エリア,札幌運転所,721系,1000番台,F-1001,1,Tc,クハ721-1001,721-1001,1993/12/11,2003/10/09,721,721-1,,,t,,t,苫小牧・滝川,北海道医療大学・小樽,,,◯,1000番台,,,,wc,,,,,,,,
JR北海道,札幌近郊エリア,札幌運転所,721系,1000番台,F-1001,2,M,モハ721-1001,721-1002,1993/12/11,2003/10/09,721,721-2,,＜,m,,m,苫小牧・滝川,北海道医療大学・小樽,,,◯,1000番台,,,,,,,,,,,,
JR北海道,札幌近郊エリア,札幌運転所,721系,1000番台,F-1001,3,Tc,クハ721-2001,721-1003,1993/12/11,2003/10/09,721,721-3,,,t,,t,苫小牧・滝川,北海道医療大学・小樽,,,◯,1000番台,,,,,,,,,,,,
JR北海道,札幌近郊エリア,札幌運転所,721系,1000番台,F-1002,1,Tc,クハ721-1002,721-1004,1993/12/16,2003/12/25,721,721-1,,,t,,t,苫小牧・滝川,北海道医療大学・小樽,,,◯,1000番台,,,,wc,,,,,,,,
JR北海道,札幌近郊エリア,札幌運転所,721系,1000番台,F-1002,2,M,モハ721-1002,721-1005,1993/12/16,2003/12/25,721,721-2,,＜,m,,m,苫小牧・滝川,北海道医療大学・小樽,,,◯,1000番台,,,,,,,,,,,,
JR北海道,札幌近郊エリア,札幌運転所,721系,1000番台,F-1002,3,Tc,クハ721-2002,721-1006,1993/12/16,2003/12/25,721,721-3,,,t,,t,苫小牧・滝川,北海道医療大学・小樽,,,◯,1000番台,,,,,,,,,,,,
JR北海道,札幌近郊エリア,札幌運転所,721系,1000番台,F-1003,1,Tc,クハ721-1003,721-1007,1993/12/14,2003/10/30,721,721-1,,,t,,t,苫小牧・滝川,北海道医療大学・小樽,,,◯,1000番台,,,,wc,,,,,,,,
JR北海道,札幌近郊エリア,札幌運転所,721系,1000番台,F-1003,2,M,モハ721-1003,721-1008,1993/12/14,2003/10/30,721,721-2,,＜,m,,m,苫小牧・滝川,北海道医療大学・小樽,,,◯,1000番台,,,,,,,,,,,,
JR北海道,札幌近郊エリア,札幌運転所,721系,1000番台,F-1003,3,Tc,クハ721-2003,721-1009,1993/12/14,2003/10/30,721,721-3,,,t,,t,苫小牧・滝川,北海道医療大学・小樽,,,◯,1000番台,,,,,,,,,,,,
JR北海道,札幌近郊エリア,札幌運転所,721系,1000番台,F-1004,1,Tc,クハ721-1004,721-1010,1993/12/15,2003/10/30,721,721-1,,,t,,t,苫小牧・滝川,北海道医療大学・小樽,,,◯,1000番台,,,,wc,,,,,,,,
JR北海道,札幌近郊エリア,札幌運転所,721系,1000番台,F-1004,2,M,モハ721-1004,721-1011,1993/12/15,2003/10/30,721,721-2,,＜,m,,m,苫小牧・滝川,北海道医療大学・小樽,,,◯,1000番台,,,,,,,,,,,,
JR北海道,札幌近郊エリア,札幌運転所,721系,1000番台,F-1004,3,Tc,クハ721-2004,721-1012,1993/12/15,2003/10/30,721,721-3,,,t,,t,苫小牧・滝川,北海道医療大学・小樽,,,◯,1000番台,,,,,,,,,,,,
JR北海道,札幌近郊エリア,札幌運転所,721系,1000番台,F-1005,1,Tc,クハ721-1005,721-1013,1994/04/16,2000/??/??,721,721-1,,,t,,t,苫小牧・滝川,北海道医療大学・小樽,,,◯,1000番台,,,,wc,,,,,,,,
JR北海道,札幌近郊エリア,札幌運転所,721系,1000番台,F-1005,2,M,モハ721-1005,721-1014,1994/04/16,2000/??/??,721,721-2,,＜,m,,m,苫小牧・滝川,北海道医療大学・小樽,,,◯,1000番台,,,,,,,,,,,,
JR北海道,札幌近郊エリア,札幌運転所,721系,1000番台,F-1005,3,Tc,クハ721-2005,721-1015,1994/04/16,2000/??/??,721,721-3,,,t,,t,苫小牧・滝川,北海道医療大学・小樽,,,◯,1000番台,,,,,,,,,,,,
JR北海道,札幌近郊エリア,札幌運転所,721系,1000番台,F-1006,1,Tc,クハ721-1006,721-1016,1994/09/24,2003/11/14,721,721-1,,,t,,t,苫小牧・滝川,北海道医療大学・小樽,,,◯,1000番台,,,,wc,,,,,,,,
JR北海道,札幌近郊エリア,札幌運転所,721系,1000番台,F-1006,2,M,モハ721-1006,721-1017,1994/09/24,2003/11/14,721,721-2,,＜,m,,m,苫小牧・滝川,北海道医療大学・小樽,,,◯,1000番台,,,,,,,,,,,,
JR北海道,札幌近郊エリア,札幌運転所,721系,1000番台,F-1006,3,Tc,クハ721-2006,721-1018,1994/09/24,2003/11/14,721,721-3,,,t,,t,苫小牧・滝川,北海道医療大学・小樽,,,◯,1000番台,,,,,,,,,,,,
JR北海道,札幌近郊エリア,札幌運転所,721系,1000番台,F-1007,1,Tc,クハ721-1007,721-1019,1994/09/23,2000/??/??,721,721-1,,,t,,t,苫小牧・滝川,北海道医療大学・小樽,,,◯,1000番台,,,,wc,,,,,,,,
JR北海道,札幌近郊エリア,札幌運転所,721系,1000番台,F-1007,2,M,モハ721-1007,721-1020,1994/09/23,2000/??/??,721,721-2,,＜,m,,m,苫小牧・滝川,北海道医療大学・小樽,,,◯,1000番台,,,,,,,,,,,,
JR北海道,札幌近郊エリア,札幌運転所,721系,1000番台,F-1007,3,Tc,クハ721-2007,721-1021,1994/09/23,2000/??/??,721,721-3,,,t,,t,苫小牧・滝川,北海道医療大学・小樽,,,◯,1000番台,,,,,,,,,,,,
JR北海道,札幌近郊エリア,札幌運転所,721系,1000番台,F-1008,1,Tc,クハ721-1008,721-1022,1994/09/27,2003/11/29,721,721-1,,,t,,t,苫小牧・滝川,北海道医療大学・小樽,,,◯,1000番台,,,,wc,,,,,,,,
JR北海道,札幌近郊エリア,札幌運転所,721系,1000番台,F-1008,2,M,モハ721-1008,721-1023,1994/09/27,2003/11/29,721,721-2,,＜,m,,m,苫小牧・滝川,北海道医療大学・小樽,,,◯,1000番台,,,,,,,,,,,,
JR北海道,札幌近郊エリア,札幌運転所,721系,1000番台,F-1008,3,Tc,クハ721-2008,721-1024,1994/09/27,2003/11/29,721,721-3,,,t,,t,苫小牧・滝川,北海道医療大学・小樽,,,◯,1000番台,,,,,,,,,,,,
JR北海道,札幌近郊エリア,札幌運転所,721系,1000番台,F-1009,1,Tc,クハ721-1009,721-1025,1994/09/28,2000/??/??,721,721-1,,,t,,t,苫小牧・滝川,北海道医療大学・小樽,,,◯,1000番台,,,,wc,,,,,,,,
JR北海道,札幌近郊エリア,札幌運転所,721系,1000番台,F-1009,2,M,モハ721-1009,721-1026,1994/09/28,2000/??/??,721,721-2,,＜,m,,m,苫小牧・滝川,北海道医療大学・小樽,,,◯,1000番台,,,,,,,,,,,,
JR北海道,札幌近郊エリア,札幌運転所,721系,1000番台,F-1009,3,Tc,クハ721-2009,721-1027,1994/09/28,2000/??/??,721,721-3,,,t,,t,苫小牧・滝川,北海道医療大学・小樽,,,◯,1000番台,,,,,,,,,,,,
JR北海道,札幌近郊エリア,札幌運転所,721系,1000番台,F-1005,1,Tc,クハ721-1005,721-1013,2000/??/??,2003/11/14,721,721-5,,,t,,t,新千歳空港,小樽,,,,1000番台uシート設置,半室uシートを設置した編成,,,"u,wc",新千歳空港側半室uシート,,,,,,,
JR北海道,札幌近郊エリア,札幌運転所,721系,1000番台,F-1005,2,M,モハ721-1005,721-1014,2000/??/??,2003/11/14,721,721-2,,＜,m,,m,新千歳空港,小樽,,,,1000番台uシート設置,半室uシートを設置した編成,,,,,,,,,,,
JR北海道,札幌近郊エリア,札幌運転所,721系,1000番台,F-1005,3,Tc,クハ721-2005,721-1015,2000/??/??,2003/11/14,721,721-3,,,t,,t,新千歳空港,小樽,,,,1000番台uシート設置,半室uシートを設置した編成,,,,,,,,,,,
JR北海道,札幌近郊エリア,札幌運転所,721系,1000番台,F-1007,1,Tc,クハ721-1007,721-1019,2000/??/??,2003/11/29,721,721-5,,,t,,t,新千歳空港,小樽,,,,1000番台uシート設置,半室uシートを設置した編成,,,"u,wc",新千歳空港側半室uシート,,,,,,,
JR北海道,札幌近郊エリア,札幌運転所,721系,1000番台,F-1007,2,M,モハ721-1007,721-1020,2000/??/??,2003/11/29,721,721-2,,＜,m,,m,新千歳空港,小樽,,,,1000番台uシート設置,半室uシートを設置した編成,,,,,,,,,,,
JR北海道,札幌近郊エリア,札幌運転所,721系,1000番台,F-1007,3,Tc,クハ721-2007,721-1021,2000/??/??,2003/11/29,721,721-3,,,t,,t,新千歳空港,小樽,,,,1000番台uシート設置,半室uシートを設置した編成,,,,,,,,,,,
JR北海道,札幌近郊エリア,札幌運転所,721系,1000番台,F-1009,1,Tc,クハ721-1009,721-1025,2000/??/??,2003/09/12,721,721-5,,,t,,t,新千歳空港,小樽,,,,1000番台uシート設置,半室uシートを設置した編成,,,"u,wc",新千歳空港側半室uシート,,,,,,,
JR北海道,札幌近郊エリア,札幌運転所,721系,1000番台,F-1009,2,M,モハ721-1009,721-1026,2000/??/??,2003/09/12,721,721-2,,＜,m,,m,新千歳空港,小樽,,,,1000番台uシート設置,半室uシートを設置した編成,,,,,,,,,,,
JR北海道,札幌近郊エリア,札幌運転所,721系,1000番台,F-1009,3,Tc,クハ721-2009,721-1027,2000/??/??,2003/09/12,721,721-3,,,t,,t,新千歳空港,小樽,,,,1000番台uシート設置,半室uシートを設置した編成,,,,,,,,,,,
JR北海道,札幌近郊エリア,札幌運転所,721系,1000番台,F-1009,1,Tc,クハ721-1009,721-1025,2003/09/12,,721,721-7,,,t,,t,新千歳空港,小樽,,,,1000番台uシート設置,全室uシートを設置した編成,,,"u,wc",全室uシート,,,,,,,
JR北海道,札幌近郊エリア,札幌運転所,721系,1000番台,F-1009,2,M,モハ721-1009,721-1026,2003/09/12,,721,721-2,,＜,m,,m,新千歳空港,小樽,,,,1000番台uシート設置,全室uシートを設置した編成,,,,,,,,,,,
JR北海道,札幌近郊エリア,札幌運転所,721系,1000番台,F-1009,3,Tc,クハ721-2009,721-1027,2003/09/12,,721,721-3,,,t,,t,新千歳空港,小樽,,,,1000番台uシート設置,全室uシートを設置した編成,,,,,,,,,,,
JR北海道,札幌近郊エリア,札幌運転所,721系,2100番台,F-2107,1,Tc,クハ721-2107,721-19,2010/07/09,,721,721-1,,,t,,t,苫小牧・滝川,北海道医療大学・小樽,,,,2100番台,2100番台化改造,,,wc,,,,,,,,
JR北海道,札幌近郊エリア,札幌運転所,721系,2100番台,F-2107,2,M,モハ721-2107,721-20,2010/07/09,,721,721-2,,＜,m,,m,苫小牧・滝川,北海道医療大学・小樽,,,,2100番台,2100番台化改造,,,,,,,,,,,
JR北海道,札幌近郊エリア,札幌運転所,721系,2100番台,F-2107,3,Tc,クハ721-2207,721-21,2010/07/09,,721,721-3,,,t,,t,苫小牧・滝川,北海道医療大学・小樽,,,,2100番台,2100番台化改造,,,,,,,,,,,
JR北海道,札幌近郊エリア,札幌運転所,721系,3000番台,F-3015,1,Tc,クハ721-3015,721-43,2003/??/??,2024/04/30,721,721-1,,,t,,t,苫小牧・滝川,北海道医療大学・小樽,,,,3000番台,uシートを撤去した編成,,,wc,,,,,,,,
JR北海道,札幌近郊エリア,札幌運転所,721系,3000番台,F-3015,2,M,モハ721-3015,721-44,2003/??/??,2024/04/30,721,721-2,,＜,m,,m,苫小牧・滝川,北海道医療大学・小樽,,,,3000番台,uシートを撤去した編成,,,,,,,,,,,
JR北海道,札幌近郊エリア,札幌運転所,721系,3000番台,F-3015,3,Mc,クモハ721-3015,721-45,2003/??/??,2024/04/30,721,721-3,,,m,,m,苫小牧・滝川,北海道医療大学・小樽,,,,3000番台,uシートを撤去した編成,,,,,,,,,,,
JR北海道,札幌近郊エリア,札幌運転所,721系,3000番台,F-3016,1,Tc,クハ721-3016,721-46,2002/02/08,2023/07/31,721,721-1,,,t,,t,苫小牧・滝川,北海道医療大学・小樽,,,,3000番台,3000番台化改造,,,wc,,,,,,,,
JR北海道,札幌近郊エリア,札幌運転所,721系,3000番台,F-3016,2,M,モハ721-3016,721-47,2002/02/08,2023/07/31,721,721-2,,＜,m,,m,苫小牧・滝川,北海道医療大学・小樽,,,,3000番台,3000番台化改造,,,,,,,,,,,
JR北海道,札幌近郊エリア,札幌運転所,721系,3000番台,F-3016,3,Mc,クモハ721-3016,721-48,2002/02/08,2023/07/31,721,721-3,,,m,,m,苫小牧・滝川,北海道医療大学・小樽,,,,3000番台,3000番台化改造,,,,,,,,,,,
JR北海道,札幌近郊エリア,札幌運転所,721系,3000番台,F-3017,1,Tc,クハ721-3017,721-49,2003/??/??,,721,721-1,,,t,,t,苫小牧・滝川,北海道医療大学・小樽,,,,3000番台,uシートを撤去した編成,,,wc,,,,,,,,
JR北海道,札幌近郊エリア,札幌運転所,721系,3000番台,F-3017,2,M,モハ721-3017,721-50,2003/??/??,,721,721-2,,＜,m,,m,苫小牧・滝川,北海道医療大学・小樽,,,,3000番台,uシートを撤去した編成,,,,,,,,,,,
JR北海道,札幌近郊エリア,札幌運転所,721系,3000番台,F-3017,3,Mc,クモハ721-3017,721-51,2003/??/??,,721,721-3,,,m,,m,苫小牧・滝川,北海道医療大学・小樽,,,,3000番台,uシートを撤去した編成,,,,,,,,,,,
JR北海道,札幌近郊エリア,札幌運転所,721系,3000番台,F-3018,1,Tc,クハ721-3018,721-52,2001/12/05,2024/06/21,721,721-1,,,t,,t,苫小牧・滝川,北海道医療大学・小樽,,,,3000番台,3000番台化改造,,,wc,,,,,,,,
JR北海道,札幌近郊エリア,札幌運転所,721系,3000番台,F-3018,2,M,モハ721-3018,721-53,2001/12/05,2024/06/21,721,721-2,,＜,m,,m,苫小牧・滝川,北海道医療大学・小樽,,,,3000番台,3000番台化改造,,,,,,,,,,,
JR北海道,札幌近郊エリア,札幌運転所,721系,3000番台,F-3018,3,Mc,クモハ721-3018,721-54,2001/12/05,2024/06/21,721,721-3,,,m,,m,苫小牧・滝川,北海道医療大学・小樽,,,,3000番台,3000番台化改造,,,,,,,,,,,
JR北海道,札幌近郊エリア,札幌運転所,721系,3000番台,F-3019,1,Tc,クハ721-3019,721-55,2003/??/??,,721,721-1,,,t,,t,苫小牧・滝川,北海道医療大学・小樽,,,,3000番台,uシートを撤去した編成,,,wc,,,,,,,,
JR北海道,札幌近郊エリア,札幌運転所,721系,3000番台,F-3019,2,M,モハ721-3019,721-56,2003/??/??,,721,721-2,,＜,m,,m,苫小牧・滝川,北海道医療大学・小樽,,,,3000番台,uシートを撤去した編成,,,,,,,,,,,
JR北海道,札幌近郊エリア,札幌運転所,721系,3000番台,F-3019,3,Mc,クモハ721-3019,721-57,2003/??/??,,721,721-3,,,m,,m,苫小牧・滝川,北海道医療大学・小樽,,,,3000番台,uシートを撤去した編成,,,,,,,,,,,
JR北海道,札幌近郊エリア,札幌運転所,721系,3000番台,F-3020,1,Tc,クハ721-3020,721-58,2002/03/28,,721,721-1,,,t,,t,苫小牧・滝川,北海道医療大学・小樽,,,,3000番台,3000番台化改造,,,wc,,,,,,,,
JR北海道,札幌近郊エリア,札幌運転所,721系,3000番台,F-3020,2,M,モハ721-3020,721-59,2002/03/28,,721,721-2,,＜,m,,m,苫小牧・滝川,北海道医療大学・小樽,,,,3000番台,3000番台化改造,,,,,,,,,,,
JR北海道,札幌近郊エリア,札幌運転所,721系,3000番台,F-3020,3,Mc,クモハ721-3020,721-60,2002/03/28,,721,721-3,,,m,,m,苫小牧・滝川,北海道医療大学・小樽,,,,3000番台,3000番台化改造,,,,,,,,,,,
JR北海道,札幌近郊エリア,札幌運転所,721系,3000番台,F-3021,1,Tc,クハ721-3021,721-61,2002/03/07,,721,721-1,,,t,,t,苫小牧・滝川,北海道医療大学・小樽,,,,3000番台,3000番台化改造,,,wc,,,,,,,,
JR北海道,札幌近郊エリア,札幌運転所,721系,3000番台,F-3021,2,M,モハ721-3021,721-62,2002/03/07,,721,721-2,,＜,m,,m,苫小牧・滝川,北海道医療大学・小樽,,,,3000番台,3000番台化改造,,,,,,,,,,,
JR北海道,札幌近郊エリア,札幌運転所,721系,3000番台,F-3021,3,Mc,クモハ721-3021,721-63,2002/03/07,,721,721-3,,,m,,m,苫小牧・滝川,北海道医療大学・小樽,,,,3000番台,3000番台化改造,,,,,,,,,,,
JR北海道,札幌近郊エリア,札幌運転所,721系,3000番台,F-3015,1,Tc,クハ721-3015,721-43,2002/03/30,2003/??/??,721,721-5,,,t,,t,新千歳空港,小樽,,,,3000番台uシート設置,3000番台化改造,,,"u,wc",新千歳空港側半室uシート,,,,,,,
JR北海道,札幌近郊エリア,札幌運転所,721系,3000番台,F-3015,2,M,モハ721-3015,721-44,2002/03/30,2003/??/??,721,721-2,,＜,m,,m,新千歳空港,小樽,,,,3000番台uシート設置,3000番台化改造,,,,,,,,,,,
JR北海道,札幌近郊エリア,札幌運転所,721系,3000番台,F-3015,3,Mc,クモハ721-3015,721-45,2002/03/30,2003/??/??,721,721-3,,,m,,m,新千歳空港,小樽,,,,3000番台uシート設置,3000番台化改造,,,,,,,,,,,
JR北海道,札幌近郊エリア,札幌運転所,721系,3000番台,F-3017,1,Tc,クハ721-3017,721-49,2001/07/26,2003/??/??,721,721-5,,,t,,t,新千歳空港,小樽,,,,3000番台uシート設置,3000番台化改造,,,"u,wc",新千歳空港側半室uシート,,,,,,,
JR北海道,札幌近郊エリア,札幌運転所,721系,3000番台,F-3017,2,M,モハ721-3017,721-50,2001/07/26,2003/??/??,721,721-2,,＜,m,,m,新千歳空港,小樽,,,,3000番台uシート設置,3000番台化改造,,,,,,,,,,,
JR北海道,札幌近郊エリア,札幌運転所,721系,3000番台,F-3017,3,Mc,クモハ721-3017,721-51,2001/07/26,2003/??/??,721,721-3,,,m,,m,新千歳空港,小樽,,,,3000番台uシート設置,3000番台化改造,,,,,,,,,,,
JR北海道,札幌近郊エリア,札幌運転所,721系,3000番台,F-3019,1,Tc,クハ721-3019,721-55,2001/11/28,2003/??/??,721,721-5,,,t,,t,新千歳空港,小樽,,,,3000番台uシート設置,3000番台化改造,,,"u,wc",新千歳空港側半室uシート,,,,,,,
JR北海道,札幌近郊エリア,札幌運転所,721系,3000番台,F-3019,2,M,モハ721-3019,721-56,2001/11/28,2003/??/??,721,721-2,,＜,m,,m,新千歳空港,小樽,,,,3000番台uシート設置,3000番台化改造,,,,,,,,,,,
JR北海道,札幌近郊エリア,札幌運転所,721系,3000番台,F-3019,3,Mc,クモハ721-3019,721-57,2001/11/28,2003/??/??,721,721-3,,,m,,m,新千歳空港,小樽,,,,3000番台uシート設置,3000番台化改造,,,,,,,,,,,
JR北海道,札幌近郊エリア,札幌運転所,721系,3000番台,F-3023+3022,1,Tc,クハ721-3022,721-64,2001/11/02,2003/??/??,721,721-1,,,t,,t,新千歳空港,小樽,,,,3000番台uシート設置,3000番台化改造,,,wc,,,,,,,,
JR北海道,札幌近郊エリア,札幌運転所,721系,3000番台,F-3023+3022,2,M,モハ721-3023,721-67,2001/11/02,2003/??/??,721,721-2,,＜,m,,m,新千歳空港,小樽,,,,3000番台uシート設置,3000番台化改造,,,,,,,,,,,
JR北海道,札幌近郊エリア,札幌運転所,721系,3000番台,F-3023+3022,3,M',モハ720-3023,721-68,2001/11/02,2003/??/??,721,721-2,,,m,,m,新千歳空港,小樽,,,,3000番台uシート設置,3000番台化改造,,,,,,,,,,,
JR北海道,札幌近郊エリア,札幌運転所,721系,3000番台,F-3023+3022,4,T,サハ721-3022,721-69,2001/11/02,2003/??/??,721,721-4,,,t,,t,新千歳空港,小樽,,,,3000番台uシート設置,3000番台化改造,,,"u,wc",新千歳空港側半室uシート,,,,,,,
JR北海道,札幌近郊エリア,札幌運転所,721系,3000番台,F-3023+3022,5,M,モハ721-3022,721-65,2001/11/02,2003/??/??,721,721-2,,＜,m,,m,新千歳空港,小樽,,,,3000番台uシート設置,3000番台化改造,,,,,,,,,,,
JR北海道,札幌近郊エリア,札幌運転所,721系,3000番台,F-3023+3022,6,Mc,クモハ721-3022,721-66,2001/11/02,2003/??/??,721,721-3,,,m,,m,新千歳空港,小樽,,,,3000番台uシート設置,3000番台化改造,,,,,,,,,,,
JR北海道,札幌近郊エリア,札幌運転所,721系,3000番台,F-3023+3022,1,Tc,クハ721-3022,721-64,2003/??/??,2011/01/28,721,721-1,,,t,,t,新千歳空港,小樽,,,,3000番台uシート設置,全室uシートを設置した編成,,,wc,,,,,,,,
JR北海道,札幌近郊エリア,札幌運転所,721系,3000番台,F-3023+3022,2,M,モハ721-3023,721-67,2003/??/??,2011/01/28,721,721-2,,＜,m,,m,新千歳空港,小樽,,,,3000番台uシート設置,全室uシートを設置した編成,,,,,,,,,,,
JR北海道,札幌近郊エリア,札幌運転所,721系,3000番台,F-3023+3022,3,M',モハ720-3023,721-68,2003/??/??,2011/01/28,721,721-2,,,m,,m,新千歳空港,小樽,,,,3000番台uシート設置,全室uシートを設置した編成,,,,,,,,,,,
JR北海道,札幌近郊エリア,札幌運転所,721系,3000番台,F-3023+3022,4,T,サハ721-3022,721-69,2003/??/??,2011/01/28,721,721-6,,,t,,t,新千歳空港,小樽,,,,3000番台uシート設置,全室uシートを設置した編成,,,"u,wc",全室uシート,,,,,,,
JR北海道,札幌近郊エリア,札幌運転所,721系,3000番台,F-3023+3022,5,M,モハ721-3022,721-65,2003/??/??,2011/01/28,721,721-2,,＜,m,,m,新千歳空港,小樽,,,,3000番台uシート設置,全室uシートを設置した編成,,,,,,,,,,,
JR北海道,札幌近郊エリア,札幌運転所,721系,3000番台,F-3023+3022,6,Mc,クモハ721-3022,721-66,2003/??/??,2011/01/28,721,721-3,,,m,,m,新千歳空港,小樽,,,,3000番台uシート設置,全室uシートを設置した編成,,,,,,,,,,,
JR北海道,札幌近郊エリア,札幌運転所,721系,3100+3200番台,F-3101+3201,1,Tc,クハ721-3101,721-101,2001/12/21,2003/??/??,721,721-1,,,t,,t,新千歳空港,小樽,,,,3100+3200番台,3100+3200番台化と半室uシートを設置した編成,,,wc,,,,,,,,
JR北海道,札幌近郊エリア,札幌運転所,721系,3100+3200番台,F-3101+3201,2,M,モハ721-3101,721-102,2001/12/21,2003/??/??,721,721-2,,＜,m,,m,新千歳空港,小樽,,,,3100+3200番台,3100+3200番台化と半室uシートを設置した編成,,,,,,,,,,,
JR北海道,札幌近郊エリア,札幌運転所,721系,3100+3200番台,F-3101+3201,3,M',モハ720-3101,721-103,2001/12/21,2003/??/??,721,721-2,,,m,,m,新千歳空港,小樽,,,,3100+3200番台,3100+3200番台化と半室uシートを設置した編成,,,,,,,,,,,
JR北海道,札幌近郊エリア,札幌運転所,721系,3100+3200番台,F-3101+3201,4,T,サハ721-3201,721-104,2001/12/21,2003/??/??,721,721-4,,,t,,t,新千歳空港,小樽,,,,3100+3200番台,3100+3200番台化と半室uシートを設置した編成,,,"u,wc",新千歳空港側半室uシート,,,,,,,
JR北海道,札幌近郊エリア,札幌運転所,721系,3100+3200番台,F-3101+3201,5,M,モハ721-3201,721-105,2001/12/21,2003/??/??,721,721-2,,＜,m,,m,新千歳空港,小樽,,,,3100+3200番台,3100+3200番台化と半室uシートを設置した編成,,,,,,,,,,,
JR北海道,札幌近郊エリア,札幌運転所,721系,3100+3200番台,F-3101+3201,6,Mc,クモハ721-3201,721-106,2001/12/21,2003/??/??,721,721-3,,,m,,m,新千歳空港,小樽,,,,3100+3200番台,3100+3200番台化と半室uシートを設置した編成,,,,,,,,,,,
JR北海道,札幌近郊エリア,札幌運転所,721系,3100+3200番台,F-3102+3202,1,Tc,クハ721-3102,721-107,2001/06/28,2003/??/??,721,721-1,,,t,,t,新千歳空港,小樽,,,,3100+3200番台,3100+3200番台化と半室uシートを設置した編成,,,wc,,,,,,,,
JR北海道,札幌近郊エリア,札幌運転所,721系,3100+3200番台,F-3102+3202,2,M,モハ721-3102,721-108,2001/06/28,2003/??/??,721,721-2,,＜,m,,m,新千歳空港,小樽,,,,3100+3200番台,3100+3200番台化と半室uシートを設置した編成,,,,,,,,,,,
JR北海道,札幌近郊エリア,札幌運転所,721系,3100+3200番台,F-3102+3202,3,M',モハ720-3102,721-109,2001/06/28,2003/??/??,721,721-2,,,m,,m,新千歳空港,小樽,,,,3100+3200番台,3100+3200番台化と半室uシートを設置した編成,,,,,,,,,,,
JR北海道,札幌近郊エリア,札幌運転所,721系,3100+3200番台,F-3102+3202,4,T,サハ721-3202,721-110,2001/06/28,2003/??/??,721,721-4,,,t,,t,新千歳空港,小樽,,,,3100+3200番台,3100+3200番台化と半室uシートを設置した編成,,,"u,wc",新千歳空港側半室uシート,,,,,,,
JR北海道,札幌近郊エリア,札幌運転所,721系,3100+3200番台,F-3102+3202,5,M,モハ721-3202,721-111,2001/06/28,2003/??/??,721,721-2,,＜,m,,m,新千歳空港,小樽,,,,3100+3200番台,3100+3200番台化と半室uシートを設置した編成,,,,,,,,,,,
JR北海道,札幌近郊エリア,札幌運転所,721系,3100+3200番台,F-3102+3202,6,Mc,クモハ721-3202,721-112,2001/06/28,2003/??/??,721,721-3,,,m,,m,新千歳空港,小樽,,,,3100+3200番台,3100+3200番台化と半室uシートを設置した編成,,,,,,,,,,,
JR北海道,札幌近郊エリア,札幌運転所,721系,3100+3200番台,F-3103+3203,1,Tc,クハ721-3103,721-113,2002/02/15,2003/??/??,721,721-1,,,t,,t,新千歳空港,小樽,,,,3100+3200番台,3100+3200番台化と半室uシートを設置した編成,,,wc,,,,,,,,
JR北海道,札幌近郊エリア,札幌運転所,721系,3100+3200番台,F-3103+3203,2,M,モハ721-3103,721-114,2002/02/15,2003/??/??,721,721-2,,＜,m,,m,新千歳空港,小樽,,,,3100+3200番台,3100+3200番台化と半室uシートを設置した編成,,,,,,,,,,,
JR北海道,札幌近郊エリア,札幌運転所,721系,3100+3200番台,F-3103+3203,3,M',モハ720-3103,721-115,2002/02/15,2003/??/??,721,721-2,,,m,,m,新千歳空港,小樽,,,,3100+3200番台,3100+3200番台化と半室uシートを設置した編成,,,,,,,,,,,
JR北海道,札幌近郊エリア,札幌運転所,721系,3100+3200番台,F-3103+3203,4,T,サハ721-3203,721-116,2002/02/15,2003/??/??,721,721-4,,,t,,t,新千歳空港,小樽,,,,3100+3200番台,3100+3200番台化と半室uシートを設置した編成,,,"u,wc",新千歳空港側半室uシート,,,,,,,
JR北海道,札幌近郊エリア,札幌運転所,721系,3100+3200番台,F-3103+3203,5,M,モハ721-3203,721-117,2002/02/15,2003/??/??,721,721-2,,＜,m,,m,新千歳空港,小樽,,,,3100+3200番台,3100+3200番台化と半室uシートを設置した編成,,,,,,,,,,,
JR北海道,札幌近郊エリア,札幌運転所,721系,3100+3200番台,F-3103+3203,6,Mc,クモハ721-3203,721-118,2002/02/15,2003/??/??,721,721-3,,,m,,m,新千歳空港,小樽,,,,3100+3200番台,3100+3200番台化と半室uシートを設置した編成,,,,,,,,,,,
JR北海道,札幌近郊エリア,札幌運転所,721系,3100+3200番台,F-3101+3201,1,Tc,クハ721-3101,721-101,2003/??/??,2013/04/05,721,721-1,,,t,,t,新千歳空港,小樽,,,,3100+3200番台,全室uシートを設置した編成,,,wc,,,,,,,,
JR北海道,札幌近郊エリア,札幌運転所,721系,3100+3200番台,F-3101+3201,2,M,モハ721-3101,721-102,2003/??/??,2013/04/05,721,721-2,,＜,m,,m,新千歳空港,小樽,,,,3100+3200番台,全室uシートを設置した編成,,,,,,,,,,,
JR北海道,札幌近郊エリア,札幌運転所,721系,3100+3200番台,F-3101+3201,3,T,モハ720-3101,721-103,2003/??/??,2013/04/05,721,721-2,,,m,,m,新千歳空港,小樽,,,,3100+3200番台,全室uシートを設置した編成,,,,,,,,,,,
JR北海道,札幌近郊エリア,札幌運転所,721系,3100+3200番台,F-3101+3201,4,T,サハ721-3201,721-104,2003/??/??,2013/04/05,721,721-6,,,t,,t,新千歳空港,小樽,,,,3100+3200番台,全室uシートを設置した編成,,,"u,wc",全室uシート,,,,,,,
JR北海道,札幌近郊エリア,札幌運転所,721系,3100+3200番台,F-3101+3201,5,M,モハ721-3201,721-105,2003/??/??,2013/04/05,721,721-2,,＜,m,,m,新千歳空港,小樽,,,,3100+3200番台,全室uシートを設置した編成,,,,,,,,,,,
JR北海道,札幌近郊エリア,札幌運転所,721系,3100+3200番台,F-3101+3201,6,Tc,クモハ721-3201,721-106,2003/??/??,2013/04/05,721,721-3,,,m,,m,新千歳空港,小樽,,,,3100+3200番台,全室uシートを設置した編成,,,,,,,,,,,
JR北海道,札幌近郊エリア,札幌運転所,721系,3100+3200番台,F-3102+3202,1,Tc,クハ721-3102,721-107,2003/??/??,2013/12/10,721,721-1,,,t,,t,新千歳空港,小樽,,,,3100+3200番台,全室uシートを設置した編成,,,wc,,,,,,,,
JR北海道,札幌近郊エリア,札幌運転所,721系,3100+3200番台,F-3102+3202,2,M,モハ721-3102,721-108,2003/??/??,2013/12/10,721,721-2,,＜,m,,m,新千歳空港,小樽,,,,3100+3200番台,全室uシートを設置した編成,,,,,,,,,,,
JR北海道,札幌近郊エリア,札幌運転所,721系,3100+3200番台,F-3102+3202,3,T,モハ720-3102,721-109,2003/??/??,2013/12/10,721,721-2,,,m,,m,新千歳空港,小樽,,,,3100+3200番台,全室uシートを設置した編成,,,,,,,,,,,
JR北海道,札幌近郊エリア,札幌運転所,721系,3100+3200番台,F-3102+3202,4,T,サハ721-3202,721-110,2003/??/??,2013/12/10,721,721-6,,,t,,t,新千歳空港,小樽,,,,3100+3200番台,全室uシートを設置した編成,,,"u,wc",全室uシート,,,,,,,
JR北海道,札幌近郊エリア,札幌運転所,721系,3100+3200番台,F-3102+3202,5,M,モハ721-3202,721-111,2003/??/??,2013/12/10,721,721-2,,＜,m,,m,新千歳空港,小樽,,,,3100+3200番台,全室uシートを設置した編成,,,,,,,,,,,
JR北海道,札幌近郊エリア,札幌運転所,721系,3100+3200番台,F-3102+3202,6,Tc,クモハ721-3202,721-112,2003/??/??,2013/12/10,721,721-3,,,m,,m,新千歳空港,小樽,,,,3100+3200番台,全室uシートを設置した編成,,,,,,,,,,,
JR北海道,札幌近郊エリア,札幌運転所,721系,3100+3200番台,F-3103+3203,1,Tc,クハ721-3103,721-113,2003/??/??,2012/01/14,721,721-1,,,t,,t,新千歳空港,小樽,,,,3100+3200番台,全室uシートを設置した編成,,,wc,,,,,,,,
JR北海道,札幌近郊エリア,札幌運転所,721系,3100+3200番台,F-3103+3203,2,M,モハ721-3103,721-114,2003/??/??,2012/01/14,721,721-2,,＜,m,,m,新千歳空港,小樽,,,,3100+3200番台,全室uシートを設置した編成,,,,,,,,,,,
JR北海道,札幌近郊エリア,札幌運転所,721系,3100+3200番台,F-3103+3203,3,T,モハ720-3103,721-115,2003/??/??,2012/01/14,721,721-2,,,m,,m,新千歳空港,小樽,,,,3100+3200番台,全室uシートを設置した編成,,,,,,,,,,,
JR北海道,札幌近郊エリア,札幌運転所,721系,3100+3200番台,F-3103+3203,4,T,サハ721-3203,721-116,2003/??/??,2012/01/14,721,721-6,,,t,,t,新千歳空港,小樽,,,,3100+3200番台,全室uシートを設置した編成,,,"u,wc",全室uシート,,,,,,,
JR北海道,札幌近郊エリア,札幌運転所,721系,3100+3200番台,F-3103+3203,5,M,モハ721-3203,721-117,2003/??/??,2012/01/14,721,721-2,,＜,m,,m,新千歳空港,小樽,,,,3100+3200番台,全室uシートを設置した編成,,,,,,,,,,,
JR北海道,札幌近郊エリア,札幌運転所,721系,3100+3200番台,F-3103+3203,6,Tc,クモハ721-3203,721-118,2003/??/??,2012/01/14,721,721-3,,,m,,m,新千歳空港,小樽,,,,3100+3200番台,全室uシートを設置した編成,,,,,,,,,,,
JR北海道,札幌近郊エリア,札幌運転所,721系,3100+3200番台,F-3101+3201,1,Tc,クハ721-3101,721-101,2013/04/05,,721,721-1,,,t,,t,新千歳空港,小樽,,,,3100+3200番台,一部電装を撤去した編成,,,wc,,,,,,,,
JR北海道,札幌近郊エリア,札幌運転所,721系,3100+3200番台,F-3101+3201,2,M,モハ721-3101,721-102,2013/04/05,,721,721-2,,＜,m,,m,新千歳空港,小樽,,,,3100+3200番台,一部電装を撤去した編成,,,,,,,,,,,
JR北海道,札幌近郊エリア,札幌運転所,721系,3100+3200番台,F-3101+3201,3,M',サハ721-3101,721-103,2013/04/05,,721,721-2,,,t,,t,新千歳空港,小樽,,,,3100+3200番台,一部電装を撤去した編成,,,,,,,,,,,
JR北海道,札幌近郊エリア,札幌運転所,721系,3100+3200番台,F-3101+3201,4,T,サハ721-3201,721-104,2013/04/05,,721,721-6,,,t,,t,新千歳空港,小樽,,,,3100+3200番台,一部電装を撤去した編成,,,"u,wc",全室uシート,,,,,,,
JR北海道,札幌近郊エリア,札幌運転所,721系,3100+3200番台,F-3101+3201,5,M,モハ721-3201,721-105,2013/04/05,,721,721-2,,＜,m,,m,新千歳空港,小樽,,,,3100+3200番台,一部電装を撤去した編成,,,,,,,,,,,
JR北海道,札幌近郊エリア,札幌運転所,721系,3100+3200番台,F-3101+3201,6,Mc,クハ721-3201,721-106,2013/04/05,,721,721-3,,,t,,t,新千歳空港,小樽,,,,3100+3200番台,一部電装を撤去した編成,,,,,,,,,,,
JR北海道,札幌近郊エリア,札幌運転所,721系,3100+3200番台,F-3102+3202,1,Tc,クハ721-3102,721-107,2013/12/10,,721,721-1,,,t,,t,新千歳空港,小樽,,,,3100+3200番台,一部電装を撤去した編成,,,wc,,,,,,,,
JR北海道,札幌近郊エリア,札幌運転所,721系,3100+3200番台,F-3102+3202,2,M,モハ721-3102,721-108,2013/12/10,,721,721-2,,＜,m,,m,新千歳空港,小樽,,,,3100+3200番台,一部電装を撤去した編成,,,,,,,,,,,
JR北海道,札幌近郊エリア,札幌運転所,721系,3100+3200番台,F-3102+3202,3,M',サハ721-3102,721-109,2013/12/10,,721,721-2,,,t,,t,新千歳空港,小樽,,,,3100+3200番台,一部電装を撤去した編成,,,,,,,,,,,
JR北海道,札幌近郊エリア,札幌運転所,721系,3100+3200番台,F-3102+3202,4,T,サハ721-3202,721-110,2013/12/10,,721,721-6,,,t,,t,新千歳空港,小樽,,,,3100+3200番台,一部電装を撤去した編成,,,"u,wc",全室uシート,,,,,,,
JR北海道,札幌近郊エリア,札幌運転所,721系,3100+3200番台,F-3102+3202,5,M,モハ721-3202,721-111,2013/12/10,,721,721-2,,＜,m,,m,新千歳空港,小樽,,,,3100+3200番台,一部電装を撤去した編成,,,,,,,,,,,
JR北海道,札幌近郊エリア,札幌運転所,721系,3100+3200番台,F-3102+3202,6,Mc,クハ721-3202,721-112,2013/12/10,,721,721-3,,,t,,t,新千歳空港,小樽,,,,3100+3200番台,一部電装を撤去した編成,,,,,,,,,,,
JR北海道,札幌近郊エリア,札幌運転所,721系,3100+3200番台,F-3103+3203,1,Tc,クハ721-3103,721-113,2012/01/14,,721,721-1,,,t,,t,新千歳空港,小樽,,,,3100+3200番台,一部電装を撤去した編成,,,wc,,,,,,,,
JR北海道,札幌近郊エリア,札幌運転所,721系,3100+3200番台,F-3103+3203,2,M,モハ721-3103,721-114,2012/01/14,,721,721-2,,＜,m,,m,新千歳空港,小樽,,,,3100+3200番台,一部電装を撤去した編成,,,,,,,,,,,
JR北海道,札幌近郊エリア,札幌運転所,721系,3100+3200番台,F-3103+3203,3,M',サハ721-3103,721-115,2012/01/14,,721,721-2,,,t,,t,新千歳空港,小樽,,,,3100+3200番台,一部電装を撤去した編成,,,,,,,,,,,
JR北海道,札幌近郊エリア,札幌運転所,721系,3100+3200番台,F-3103+3203,4,T,サハ721-3203,721-116,2012/01/14,,721,721-6,,,t,,t,新千歳空港,小樽,,,,3100+3200番台,一部電装を撤去した編成,,,"u,wc",全室uシート,,,,,,,
JR北海道,札幌近郊エリア,札幌運転所,721系,3100+3200番台,F-3103+3203,5,M,モハ721-3203,721-117,2012/01/14,,721,721-2,,＜,m,,m,新千歳空港,小樽,,,,3100+3200番台,一部電装を撤去した編成,,,,,,,,,,,
JR北海道,札幌近郊エリア,札幌運転所,721系,3100+3200番台,F-3103+3203,6,Mc,クハ721-3203,721-118,2012/01/14,,721,721-3,,,t,,t,新千歳空港,小樽,,,,3100+3200番台,一部電装を撤去した編成,,,,,,,,,,,
JR北海道,札幌近郊エリア,札幌運転所,721系,3100+3200番台,F-3123+3222,1,Tc,クハ721-3122,721-64,2011/01/28,,721,721-1,,,t,,t,新千歳空港,小樽,,,,3100+3200番台,3100+3200番台化と一部電装を撤去した編成,,,wc,,,,,,,,
JR北海道,札幌近郊エリア,札幌運転所,721系,3100+3200番台,F-3123+3222,2,M,モハ721-3123,721-67,2011/01/28,,721,721-2,,＜,m,,m,新千歳空港,小樽,,,,3100+3200番台,3100+3200番台化と一部電装を撤去した編成,,,,,,,,,,,
JR北海道,札幌近郊エリア,札幌運転所,721系,3100+3200番台,F-3123+3222,3,T,サハ721-3123,721-68,2011/01/28,,721,721-2,,,t,,t,新千歳空港,小樽,,,,3100+3200番台,3100+3200番台化と一部電装を撤去した編成,,,,,,,,,,,
JR北海道,札幌近郊エリア,札幌運転所,721系,3100+3200番台,F-3123+3222,4,T,サハ721-3222,721-69,2011/01/28,,721,721-6,,,t,,t,新千歳空港,小樽,,,,3100+3200番台,3100+3200番台化と一部電装を撤去した編成,,,"u,wc",全室uシート,,,,,,,
JR北海道,札幌近郊エリア,札幌運転所,721系,3100+3200番台,F-3123+3222,5,M,モハ721-3222,721-65,2011/01/28,,721,721-2,,＜,m,,m,新千歳空港,小樽,,,,3100+3200番台,3100+3200番台化と一部電装を撤去した編成,,,,,,,,,,,
JR北海道,札幌近郊エリア,札幌運転所,721系,3100+3200番台,F-3123+3222,6,Tc,クハ721-3222,721-66,2011/01/28,,721,721-3,,,t,,t,新千歳空港,小樽,,,,3100+3200番台,3100+3200番台化と一部電装を撤去した編成,,,,,,,,,,,
JR北海道,札幌近郊エリア,札幌運転所,721系,4100+4200番台,F-4101+4201,1,Tc,クハ721-4101,721-1007,2003/10/30,2024/09/09,721,721-1,,,t,,t,新千歳空港,小樽,,,,4100+4200番台,4100+4200番台化改造と、編成組換を行った,,,wc,,,,,,,,
JR北海道,札幌近郊エリア,札幌運転所,721系,4100+4200番台,F-4101+4201,2,M,モハ721-4101,721-1008,2003/10/30,2024/09/09,721,721-2,,＜,m,,m,新千歳空港,小樽,,,,4100+4200番台,4100+4200番台化改造と、編成組換を行った,,,,,,,,,,,
JR北海道,札幌近郊エリア,札幌運転所,721系,4100+4200番台,F-4101+4201,3,T,サハ721-4101,721-4101,2003/10/30,2024/09/09,721,721-2,,,t,,t,新千歳空港,小樽,,,,4100+4200番台,,,,,,,,,,,,
JR北海道,札幌近郊エリア,札幌運転所,721系,4100+4200番台,F-4101+4201,4,T,サハ721-4201,721-4002,2003/10/30,2024/09/09,721,721-6,,,t,,t,新千歳空港,小樽,,,,4100+4200番台,,,,"u,wc",全室uシート,,,,,,,
JR北海道,札幌近郊エリア,札幌運転所,721系,4100+4200番台,F-4101+4201,5,M,モハ721-4201,721-1011,2003/10/30,2024/09/09,721,721-2,,＜,m,,m,新千歳空港,小樽,,,,4100+4200番台,4100+4200番台化改造と、編成組換を行った,,,,,,,,,,,
JR北海道,札幌近郊エリア,札幌運転所,721系,4100+4200番台,F-4101+4201,6,Tc,クハ721-4201,721-1012,2003/10/30,2024/09/09,721,721-3,,,t,,t,新千歳空港,小樽,,,,4100+4200番台,4100+4200番台化改造と、編成組換を行った,,,,,,,,,,,
JR北海道,札幌近郊エリア,札幌運転所,721系,4100+4200番台,F-4102+4202,1,Tc,クハ721-4102,721-1016,2003/11/14,,721,721-1,,,t,,t,新千歳空港,小樽,,,,4100+4200番台,4100+4200番台化改造と、編成組換を行った,,,wc,,,,,,,,
JR北海道,札幌近郊エリア,札幌運転所,721系,4100+4200番台,F-4102+4202,2,M,モハ721-4102,721-1017,2003/11/14,,721,721-2,,＜,m,,m,新千歳空港,小樽,,,,4100+4200番台,4100+4200番台化改造と、編成組換を行った,,,,,,,,,,,
JR北海道,札幌近郊エリア,札幌運転所,721系,4100+4200番台,F-4102+4202,3,T,サハ721-4102,721-4003,2003/11/14,,721,721-2,,,t,,t,新千歳空港,小樽,,,,4100+4200番台,,,,,,,,,,,,
JR北海道,札幌近郊エリア,札幌運転所,721系,4100+4200番台,F-4102+4202,4,T,サハ721-4202,721-4004,2003/11/14,,721,721-6,,,t,,t,新千歳空港,小樽,,,,4100+4200番台,,,,"u,wc",全室uシート,,,,,,,
JR北海道,札幌近郊エリア,札幌運転所,721系,4100+4200番台,F-4102+4202,5,M,モハ721-4202,721-1014,2003/11/14,,721,721-2,,＜,m,,m,新千歳空港,小樽,,,,4100+4200番台,4100+4200番台化改造と、編成組換を行った,,,,,,,,,,,
JR北海道,札幌近郊エリア,札幌運転所,721系,4100+4200番台,F-4102+4202,6,Tc,クハ721-4202,721-1015,2003/11/14,,721,721-3,,,t,,t,新千歳空港,小樽,,,,4100+4200番台,4100+4200番台化改造と、編成組換を行った,,,,,,,,,,,
JR北海道,札幌近郊エリア,札幌運転所,721系,4100+4200番台,F-4103+4203,1,Tc,クハ721-4103,721-1019,2003/11/29,,721,721-1,,,t,,t,新千歳空港,小樽,,,,4100+4200番台,4100+4200番台化改造と、編成組換を行った,,,wc,,,,,,,,
JR北海道,札幌近郊エリア,札幌運転所,721系,4100+4200番台,F-4103+4203,2,M,モハ721-4103,721-1020,2003/11/29,,721,721-2,,＜,m,,m,新千歳空港,小樽,,,,4100+4200番台,4100+4200番台化改造と、編成組換を行った,,,,,,,,,,,
JR北海道,札幌近郊エリア,札幌運転所,721系,4100+4200番台,F-4103+4203,3,T,サハ721-4103,721-4005,2003/11/29,,721,721-2,,,t,,t,新千歳空港,小樽,,,,4100+4200番台,,,,,,,,,,,,
JR北海道,札幌近郊エリア,札幌運転所,721系,4100+4200番台,F-4103+4203,4,T,サハ721-4203,721-4006,2003/11/29,,721,721-6,,,t,,t,新千歳空港,小樽,,,,4100+4200番台,,,,"u,wc",全室uシート,,,,,,,
JR北海道,札幌近郊エリア,札幌運転所,721系,4100+4200番台,F-4103+4203,5,M,モハ721-4203,721-1023,2003/11/29,,721,721-2,,＜,m,,m,新千歳空港,小樽,,,,4100+4200番台,4100+4200番台化改造と、編成組換を行った,,,,,,,,,,,
JR北海道,札幌近郊エリア,札幌運転所,721系,4100+4200番台,F-4103+4203,6,Tc,クハ721-4203,721-1024,2003/11/29,,721,721-3,,,t,,t,新千歳空港,小樽,,,,4100+4200番台,4100+4200番台化改造と、編成組換を行った,,,,,,,,,,,
JR北海道,札幌近郊エリア,札幌運転所,721系,4100+4200番台,F-4104+4204,1,Tc,クハ721-4104,721-1004,2003/12/25,2025/04/14,721,721-1,,,t,,t,新千歳空港,小樽,,,,4100+4200番台,4100+4200番台化改造と、編成組換を行った,,,wc,,,,,,,,
JR北海道,札幌近郊エリア,札幌運転所,721系,4100+4200番台,F-4104+4204,2,M,モハ721-4104,721-1005,2003/12/25,2025/04/14,721,721-2,,＜,m,,m,新千歳空港,小樽,,,,4100+4200番台,4100+4200番台化改造と、編成組換を行った,,,,,,,,,,,
JR北海道,札幌近郊エリア,札幌運転所,721系,4100+4200番台,F-4104+4204,3,T,サハ721-4104,721-4007,2003/12/25,2025/04/14,721,721-2,,,t,,t,新千歳空港,小樽,,,,4100+4200番台,,,,,,,,,,,,
JR北海道,札幌近郊エリア,札幌運転所,721系,4100+4200番台,F-4104+4204,4,T,サハ721-4204,721-4008,2003/12/25,2025/04/14,721,721-6,,,t,,t,新千歳空港,小樽,,,,4100+4200番台,,,,"u,wc",全室uシート,,,,,,,
JR北海道,札幌近郊エリア,札幌運転所,721系,4100+4200番台,F-4104+4204,5,M,モハ721-4204,721-1002,2003/12/25,2025/04/14,721,721-2,,＜,m,,m,新千歳空港,小樽,,,,4100+4200番台,4100+4200番台化改造と、編成組換を行った,,,,,,,,,,,
JR北海道,札幌近郊エリア,札幌運転所,721系,4100+4200番台,F-4104+4204,6,Tc,クハ721-4204,721-1006,2003/12/25,2025/04/14,721,721-3,,,t,,t,新千歳空港,小樽,,,,4100+4200番台,4100+4200番台化改造と、編成組換を行った,,,,,,,,,,,
JR北海道,札幌近郊エリア,札幌運転所,721系,5000番台,F-5001,1,Tc,クハ721-5001,721-1013,2003/12/11,,721,721-1,,,t,,t,新千歳空港,小樽,,,,5000番台,5000番台化改造と編成組換を行った,,,wc,,,,,,,,
JR北海道,札幌近郊エリア,札幌運転所,721系,5000番台,F-5001,2,M,モハ721-5001,721-5013,2003/12/11,,721,721-2,,＜,m,,m,新千歳空港,小樽,,,,5000番台,5000番台化改造と編成組換を行った,,,,,,,,,,,
JR北海道,札幌近郊エリア,札幌運転所,721系,5000番台,F-5001,3,Tc,クハ721-5001,721-1018,2003/12/11,,721,721-3,,,t,,t,新千歳空港,小樽,,,,5000番台,5000番台化改造と編成組換を行った,,,,,,,,,,,
JR北海道,札幌近郊エリア,札幌運転所,721系,5100+5200番台,F-5101+5201,1,Tc,クハ721-5101,721-1001,2003/10/09,2025/08/06,721,721-1,,,t,,t,新千歳空港,小樽,,,,5100+5200番台,5100+5200番台化改造と編成組換を行った,,,wc,,,,,,,,
JR北海道,札幌近郊エリア,札幌運転所,721系,5100+5200番台,F-5101+5201,2,M,モハ721-5101,721-5001,2003/10/09,2025/08/06,721,721-2,,＜,m,,m,新千歳空港,小樽,,,,5100+5200番台,,,,,,,,,,,,
JR北海道,札幌近郊エリア,札幌運転所,721系,5100+5200番台,F-5101+5201,3,T,サハ721-5101,721-5002,2003/10/09,2025/08/06,721,721-2,,,t,,t,新千歳空港,小樽,,,,5100+5200番台,,,,,,,,,,,,
JR北海道,札幌近郊エリア,札幌運転所,721系,5100+5200番台,F-5101+5201,4,T,サハ721-5201,721-5003,2003/10/09,2025/08/06,721,721-6,,,t,,t,新千歳空港,小樽,,,,5100+5200番台,,,,"u,wc",全室uシート,,,,,,,
JR北海道,札幌近郊エリア,札幌運転所,721系,5100+5200番台,F-5101+5201,5,M,モハ721-5201,721-5004,2003/10/09,2025/08/06,721,721-2,,＜,m,,m,新千歳空港,小樽,,,,5100+5200番台,,,,,,,,,,,,
JR北海道,札幌近郊エリア,札幌運転所,721系,5100+5200番台,F-5101+5201,6,Tc,クハ721-5201,721-1003,2003/10/09,2025/08/06,721,721-3,,,t,,t,新千歳空港,小樽,,,,5100+5200番台,5100+5200番台化改造と編成組換を行った,,,,,,,,,,,
JR北海道,札幌近郊エリア,札幌運転所,721系,5100+5200番台,F-5102+5202,1,Tc,クハ721-5102,721-1010,2003/11/19,,721,721-1,,,t,,t,新千歳空港,小樽,,,,5100+5200番台,5100+5200番台化改造と編成組換を行った,,,wc,,,,,,,,
JR北海道,札幌近郊エリア,札幌運転所,721系,5100+5200番台,F-5102+5202,2,M,モハ721-5102,721-5005,2003/11/19,,721,721-2,,＜,m,,m,新千歳空港,小樽,,,,5100+5200番台,,,,,,,,,,,,
JR北海道,札幌近郊エリア,札幌運転所,721系,5100+5200番台,F-5102+5202,3,T,サハ721-5102,721-5006,2003/11/19,,721,721-2,,,t,,t,新千歳空港,小樽,,,,5100+5200番台,,,,,,,,,,,,
JR北海道,札幌近郊エリア,札幌運転所,721系,5100+5200番台,F-5102+5202,4,T,サハ721-5202,721-5007,2003/11/19,,721,721-6,,,t,,t,新千歳空港,小樽,,,,5100+5200番台,,,,"u,wc",全室uシート,,,,,,,
JR北海道,札幌近郊エリア,札幌運転所,721系,5100+5200番台,F-5102+5202,5,M,モハ721-5202,721-5008,2003/11/19,,721,721-2,,＜,m,,m,新千歳空港,小樽,,,,5100+5200番台,,,,,,,,,,,,
JR北海道,札幌近郊エリア,札幌運転所,721系,5100+5200番台,F-5102+5202,6,Tc,クハ721-5202,721-1009,2003/11/19,,721,721-3,,,t,,t,新千歳空港,小樽,,,,5100+5200番台,5100+5200番台化改造と編成組換を行った,,,,,,,,,,,
JR北海道,札幌近郊エリア,札幌運転所,721系,5100+5200番台,F-5103+5203,1,Tc,クハ721-5103,721-1022,2003/12/20,2025/06/10,721,721-1,,,t,,t,新千歳空港,小樽,,,,5100+5200番台,5100+5200番台化改造と編成組換を行った,,,wc,,,,,,,,
JR北海道,札幌近郊エリア,札幌運転所,721系,5100+5200番台,F-5103+5203,2,M,モハ721-5103,721-5009,2003/12/20,2025/06/10,721,721-2,,＜,m,,m,新千歳空港,小樽,,,,5100+5200番台,,,,,,,,,,,,
JR北海道,札幌近郊エリア,札幌運転所,721系,5100+5200番台,F-5103+5203,3,T,サハ721-5103,721-5010,2003/12/20,2025/06/10,721,721-2,,,t,,t,新千歳空港,小樽,,,,5100+5200番台,,,,,,,,,,,,
JR北海道,札幌近郊エリア,札幌運転所,721系,5100+5200番台,F-5103+5203,4,T,サハ721-5203,721-5011,2003/12/20,2025/06/10,721,721-6,,,t,,t,新千歳空港,小樽,,,,5100+5200番台,,,,"u,wc",全室uシート,,,,,,,
JR北海道,札幌近郊エリア,札幌運転所,721系,5100+5200番台,F-5103+5203,5,M,モハ721-5203,721-5012,2003/12/20,2025/06/10,721,721-2,,＜,m,,m,新千歳空港,小樽,,,,5100+5200番台,,,,,,,,,,,,
JR北海道,札幌近郊エリア,札幌運転所,721系,5100+5200番台,F-5103+5203,6,Tc,クハ721-5203,721-1021,2003/12/20,2025/06/10,721,721-3,,,t,,t,新千歳空港,小樽,,,,5100+5200番台,5100+5200番台化改造と編成組換を行った,,,,,,,,,,,
JR北海道,札幌近郊エリア,札幌運転所,731系,,G-101,1,Tc,クハ731-101,731-01,1996/12/12,2005/06/12,731,731-1,,,t,,t,苫小牧・滝川,北海道医療大学・小樽,,,◯,登場時,,,,wc,,,,,,,,
JR北海道,札幌近郊エリア,札幌運転所,731系,,G-101,2,M,モハ731-101,731-02,1996/12/12,2005/06/12,731,731-2,,◇,m,,m,苫小牧・滝川,北海道医療大学・小樽,,,◯,登場時,,,,,,,,,,,,
JR北海道,札幌近郊エリア,札幌運転所,731系,,G-101,3,Tc,クハ731-201,731-03,1996/12/12,2005/06/12,731,731-3,,,t,,t,苫小牧・滝川,北海道医療大学・小樽,,,◯,登場時,,,,,,,,,,,,
JR北海道,札幌近郊エリア,札幌運転所,731系,,G-102,1,Tc,クハ731-102,731-04,1996/12/10,2004/12/27,731,731-1,,,t,,t,苫小牧・滝川,北海道医療大学・小樽,,,◯,登場時,,,,wc,,,,,,,,
JR北海道,札幌近郊エリア,札幌運転所,731系,,G-102,2,M,モハ731-102,731-05,1996/12/10,2004/12/27,731,731-2,,◇,m,,m,苫小牧・滝川,北海道医療大学・小樽,,,◯,登場時,,,,,,,,,,,,
JR北海道,札幌近郊エリア,札幌運転所,731系,,G-102,3,Tc,クハ731-202,731-06,1996/12/10,2004/12/27,731,731-3,,,t,,t,苫小牧・滝川,北海道医療大学・小樽,,,◯,登場時,,,,,,,,,,,,
JR北海道,札幌近郊エリア,札幌運転所,731系,,G-103,1,Tc,クハ731-103,731-07,1996/12/13,2005/09/18,731,731-1,,,t,,t,苫小牧・滝川,北海道医療大学・小樽,,,◯,登場時,,,,wc,,,,,,,,
JR北海道,札幌近郊エリア,札幌運転所,731系,,G-103,2,M,モハ731-103,731-08,1996/12/13,2005/09/18,731,731-2,,◇,m,,m,苫小牧・滝川,北海道医療大学・小樽,,,◯,登場時,,,,,,,,,,,,
JR北海道,札幌近郊エリア,札幌運転所,731系,,G-103,3,Tc,クハ731-203,731-09,1996/12/13,2005/09/18,731,731-3,,,t,,t,苫小牧・滝川,北海道医療大学・小樽,,,◯,登場時,,,,,,,,,,,,
JR北海道,札幌近郊エリア,札幌運転所,731系,,G-104,1,Tc,クハ731-104,731-10,1996/12/14,2005/09/11,731,731-1,,,t,,t,苫小牧・滝川,北海道医療大学・小樽,,,◯,登場時,,,,wc,,,,,,,,
JR北海道,札幌近郊エリア,札幌運転所,731系,,G-104,2,M,モハ731-104,731-11,1996/12/14,2005/09/11,731,731-2,,◇,m,,m,苫小牧・滝川,北海道医療大学・小樽,,,◯,登場時,,,,,,,,,,,,
JR北海道,札幌近郊エリア,札幌運転所,731系,,G-104,3,Tc,クハ731-204,731-12,1996/12/14,2005/09/11,731,731-3,,,t,,t,苫小牧・滝川,北海道医療大学・小樽,,,◯,登場時,,,,,,,,,,,,
JR北海道,札幌近郊エリア,札幌運転所,731系,,G-105,1,Tc,クハ731-105,731-13,1998/02/23,2005/10/26,731,731-1,,,t,,t,苫小牧・滝川,北海道医療大学・小樽,,,◯,登場時,,,,wc,,,,,,,,
JR北海道,札幌近郊エリア,札幌運転所,731系,,G-105,2,M,モハ731-105,731-14,1998/02/23,2005/10/26,731,731-2,,◇,m,,m,苫小牧・滝川,北海道医療大学・小樽,,,◯,登場時,,,,,,,,,,,,
JR北海道,札幌近郊エリア,札幌運転所,731系,,G-105,3,Tc,クハ731-205,731-15,1998/02/23,2005/10/26,731,731-3,,,t,,t,苫小牧・滝川,北海道医療大学・小樽,,,◯,登場時,,,,,,,,,,,,
JR北海道,札幌近郊エリア,札幌運転所,731系,,G-106,1,Tc,クハ731-106,731-16,1998/02/24,2005/02/25,731,731-1,,,t,,t,苫小牧・滝川,北海道医療大学・小樽,,,◯,登場時,,,,wc,,,,,,,,
JR北海道,札幌近郊エリア,札幌運転所,731系,,G-106,2,M,モハ731-106,731-17,1998/02/24,2005/02/25,731,731-2,,◇,m,,m,苫小牧・滝川,北海道医療大学・小樽,,,◯,登場時,,,,,,,,,,,,
JR北海道,札幌近郊エリア,札幌運転所,731系,,G-106,3,Tc,クハ731-206,731-18,1998/02/24,2005/02/25,731,731-3,,,t,,t,苫小牧・滝川,北海道医療大学・小樽,,,◯,登場時,,,,,,,,,,,,
JR北海道,札幌近郊エリア,札幌運転所,731系,,G-107,1,Tc,クハ731-107,731-19,1998/02/24,2004/10/23,731,731-1,,,t,,t,苫小牧・滝川,北海道医療大学・小樽,,,◯,登場時,,,,wc,,,,,,,,
JR北海道,札幌近郊エリア,札幌運転所,731系,,G-107,2,M,モハ731-107,731-20,1998/02/24,2004/10/23,731,731-2,,◇,m,,m,苫小牧・滝川,北海道医療大学・小樽,,,◯,登場時,,,,,,,,,,,,
JR北海道,札幌近郊エリア,札幌運転所,731系,,G-107,3,Tc,クハ731-207,731-21,1998/02/24,2004/10/23,731,731-3,,,t,,t,苫小牧・滝川,北海道医療大学・小樽,,,◯,登場時,,,,,,,,,,,,
JR北海道,札幌近郊エリア,札幌運転所,731系,,G-108,1,Tc,クハ731-108,731-22,1998/03/22,2005/04/14,731,731-1,,,t,,t,苫小牧・滝川,北海道医療大学・小樽,,,◯,登場時,,,,wc,,,,,,,,
JR北海道,札幌近郊エリア,札幌運転所,731系,,G-108,2,M,モハ731-108,731-23,1998/03/22,2005/04/14,731,731-2,,◇,m,,m,苫小牧・滝川,北海道医療大学・小樽,,,◯,登場時,,,,,,,,,,,,
JR北海道,札幌近郊エリア,札幌運転所,731系,,G-108,3,Tc,クハ731-208,731-24,1998/03/22,2005/04/14,731,731-3,,,t,,t,苫小牧・滝川,北海道医療大学・小樽,,,◯,登場時,,,,,,,,,,,,
JR北海道,札幌近郊エリア,札幌運転所,731系,,G-109,1,Tc,クハ731-109,731-25,1998/03/23,2005/04/25,731,731-1,,,t,,t,苫小牧・滝川,北海道医療大学・小樽,,,◯,登場時,,,,wc,,,,,,,,
JR北海道,札幌近郊エリア,札幌運転所,731系,,G-109,2,M,モハ731-109,731-26,1998/03/23,2005/04/25,731,731-2,,◇,m,,m,苫小牧・滝川,北海道医療大学・小樽,,,◯,登場時,,,,,,,,,,,,
JR北海道,札幌近郊エリア,札幌運転所,731系,,G-109,3,Tc,クハ731-209,731-27,1998/03/23,2005/04/25,731,731-3,,,t,,t,苫小牧・滝川,北海道医療大学・小樽,,,◯,登場時,,,,,,,,,,,,
JR北海道,札幌近郊エリア,札幌運転所,731系,,G-110,1,Tc,クハ731-110,731-28,1998/03/24,2005/07/12,731,731-1,,,t,,t,苫小牧・滝川,北海道医療大学・小樽,,,◯,登場時,,,,wc,,,,,,,,
JR北海道,札幌近郊エリア,札幌運転所,731系,,G-110,2,M,モハ731-110,731-29,1998/03/24,2005/07/12,731,731-2,,◇,m,,m,苫小牧・滝川,北海道医療大学・小樽,,,◯,登場時,,,,,,,,,,,,
JR北海道,札幌近郊エリア,札幌運転所,731系,,G-110,3,Tc,クハ731-210,731-30,1998/03/24,2005/07/12,731,731-3,,,t,,t,苫小牧・滝川,北海道医療大学・小樽,,,◯,登場時,,,,,,,,,,,,
JR北海道,札幌近郊エリア,札幌運転所,731系,,G-111,1,Tc,クハ731-111,731-31,1998/12/16,2005/08/16,731,731-1,,,t,,t,苫小牧・滝川,北海道医療大学・小樽,,,◯,登場時,,,,wc,,,,,,,,
JR北海道,札幌近郊エリア,札幌運転所,731系,,G-111,2,M,モハ731-111,731-32,1998/12/16,2005/08/16,731,731-2,,◇,m,,m,苫小牧・滝川,北海道医療大学・小樽,,,◯,登場時,,,,,,,,,,,,
JR北海道,札幌近郊エリア,札幌運転所,731系,,G-111,3,Tc,クハ731-211,731-33,1998/12/16,2005/08/16,731,731-3,,,t,,t,苫小牧・滝川,北海道医療大学・小樽,,,◯,登場時,,,,,,,,,,,,
JR北海道,札幌近郊エリア,札幌運転所,731系,,G-112,1,Tc,クハ731-112,731-34,1998/12/17,2005/01/22,731,731-1,,,t,,t,苫小牧・滝川,北海道医療大学・小樽,,,◯,登場時,,,,wc,,,,,,,,
JR北海道,札幌近郊エリア,札幌運転所,731系,,G-112,2,M,モハ731-112,731-35,1998/12/17,2005/01/22,731,731-2,,◇,m,,m,苫小牧・滝川,北海道医療大学・小樽,,,◯,登場時,,,,,,,,,,,,
JR北海道,札幌近郊エリア,札幌運転所,731系,,G-112,3,Tc,クハ731-212,731-36,1998/12/17,2005/01/22,731,731-3,,,t,,t,苫小牧・滝川,北海道医療大学・小樽,,,◯,登場時,,,,,,,,,,,,
JR北海道,札幌近郊エリア,札幌運転所,731系,,G-113,1,Tc,クハ731-113,731-37,1998/12/18,2005/07/31,731,731-1,,,t,,t,苫小牧・滝川,北海道医療大学・小樽,,,◯,登場時,,,,wc,,,,,,,,
JR北海道,札幌近郊エリア,札幌運転所,731系,,G-113,2,M,モハ731-113,731-38,1998/12/18,2005/07/31,731,731-2,,◇,m,,m,苫小牧・滝川,北海道医療大学・小樽,,,◯,登場時,,,,,,,,,,,,
JR北海道,札幌近郊エリア,札幌運転所,731系,,G-113,3,Tc,クハ731-213,731-39,1998/12/18,2005/07/31,731,731-3,,,t,,t,苫小牧・滝川,北海道医療大学・小樽,,,◯,登場時,,,,,,,,,,,,
JR北海道,札幌近郊エリア,札幌運転所,731系,,G-114,1,Tc,クハ731-114,731-40,1998/12/19,2005/08/28,731,731-1,,,t,,t,苫小牧・滝川,北海道医療大学・小樽,,,◯,登場時,,,,wc,,,,,,,,
JR北海道,札幌近郊エリア,札幌運転所,731系,,G-114,2,M,モハ731-114,731-41,1998/12/19,2005/08/28,731,731-2,,◇,m,,m,苫小牧・滝川,北海道医療大学・小樽,,,◯,登場時,,,,,,,,,,,,
JR北海道,札幌近郊エリア,札幌運転所,731系,,G-114,3,Tc,クハ731-214,731-42,1998/12/19,2005/08/28,731,731-3,,,t,,t,苫小牧・滝川,北海道医療大学・小樽,,,◯,登場時,,,,,,,,,,,,
JR北海道,札幌近郊エリア,札幌運転所,731系,,G-115,1,Tc,クハ731-115,731-43,1999/12/20,2004/11/08,731,731-1,,,t,,t,苫小牧・滝川,北海道医療大学・小樽,,,◯,登場時,,,,wc,,,,,,,,
JR北海道,札幌近郊エリア,札幌運転所,731系,,G-115,2,M,モハ731-115,731-44,1999/12/20,2004/11/08,731,731-2,,◇,m,,m,苫小牧・滝川,北海道医療大学・小樽,,,◯,登場時,,,,,,,,,,,,
JR北海道,札幌近郊エリア,札幌運転所,731系,,G-115,3,Tc,クハ731-215,731-45,1999/12/20,2004/11/08,731,731-3,,,t,,t,苫小牧・滝川,北海道医療大学・小樽,,,◯,登場時,,,,,,,,,,,,
JR北海道,札幌近郊エリア,札幌運転所,731系,,G-116,1,Tc,クハ731-116,731-46,1999/12/20,2005/03/13,731,731-1,,,t,,t,苫小牧・滝川,北海道医療大学・小樽,,,◯,登場時,,,,wc,,,,,,,,
JR北海道,札幌近郊エリア,札幌運転所,731系,,G-116,2,M,モハ731-116,731-47,1999/12/20,2005/03/13,731,731-2,,◇,m,,m,苫小牧・滝川,北海道医療大学・小樽,,,◯,登場時,,,,,,,,,,,,
JR北海道,札幌近郊エリア,札幌運転所,731系,,G-116,3,Tc,クハ731-216,731-48,1999/12/20,2005/03/13,731,731-3,,,t,,t,苫小牧・滝川,北海道医療大学・小樽,,,◯,登場時,,,,,,,,,,,,
JR北海道,札幌近郊エリア,札幌運転所,731系,,G-117,1,Tc,クハ731-117,731-49,1999/12/21,2005/06/26,731,731-1,,,t,,t,苫小牧・滝川,北海道医療大学・小樽,,,◯,登場時,,,,wc,,,,,,,,
JR北海道,札幌近郊エリア,札幌運転所,731系,,G-117,2,M,モハ731-117,731-50,1999/12/21,2005/06/26,731,731-2,,◇,m,,m,苫小牧・滝川,北海道医療大学・小樽,,,◯,登場時,,,,,,,,,,,,
JR北海道,札幌近郊エリア,札幌運転所,731系,,G-117,3,Tc,クハ731-217,731-51,1999/12/21,2005/06/26,731,731-3,,,t,,t,苫小牧・滝川,北海道医療大学・小樽,,,◯,登場時,,,,,,,,,,,,
JR北海道,札幌近郊エリア,札幌運転所,731系,,G-118,1,Tc,クハ731-118,731-52,1999/12/13,2004/12/18,731,731-1,,,t,,t,苫小牧・滝川,北海道医療大学・小樽,,,◯,登場時,,,,wc,,,,,,,,
JR北海道,札幌近郊エリア,札幌運転所,731系,,G-118,2,M,モハ731-118,731-53,1999/12/13,2004/12/18,731,731-2,,◇,m,,m,苫小牧・滝川,北海道医療大学・小樽,,,◯,登場時,,,,,,,,,,,,
JR北海道,札幌近郊エリア,札幌運転所,731系,,G-118,3,Tc,クハ731-218,731-54,1999/12/13,2004/12/18,731,731-3,,,t,,t,苫小牧・滝川,北海道医療大学・小樽,,,◯,登場時,,,,,,,,,,,,
JR北海道,札幌近郊エリア,札幌運転所,731系,,G-119,1,Tc,クハ731-119,731-55,1999/12/13,2005/07/21,731,731-1,,,t,,t,苫小牧・滝川,北海道医療大学・小樽,,,◯,登場時,,,,wc,,,,,,,,
JR北海道,札幌近郊エリア,札幌運転所,731系,,G-119,2,M,モハ731-119,731-56,1999/12/13,2005/07/21,731,731-2,,◇,m,,m,苫小牧・滝川,北海道医療大学・小樽,,,◯,登場時,,,,,,,,,,,,
JR北海道,札幌近郊エリア,札幌運転所,731系,,G-119,3,Tc,クハ731-219,731-57,1999/12/13,2005/07/21,731,731-3,,,t,,t,苫小牧・滝川,北海道医療大学・小樽,,,◯,登場時,,,,,,,,,,,,
JR北海道,札幌近郊エリア,札幌運転所,731系,,G-101,1,Tc,クハ731-101,731-01,2005/06/12,,731,731-1,,,t,,t,苫小牧・滝川,北海道医療大学・小樽,,,,シングルアームパンタグラフ化,シングルアームパンタグラフ化した編成,,,wc,,,,,,,,
JR北海道,札幌近郊エリア,札幌運転所,731系,,G-101,2,M,モハ731-101,731-02,2005/06/12,,731,731-2,,＜,m,,m,苫小牧・滝川,北海道医療大学・小樽,,,,シングルアームパンタグラフ化,シングルアームパンタグラフ化した編成,,,,,,,,,,,
JR北海道,札幌近郊エリア,札幌運転所,731系,,G-101,3,Tc,クハ731-201,731-03,2005/06/12,,731,731-3,,,t,,t,苫小牧・滝川,北海道医療大学・小樽,,,,シングルアームパンタグラフ化,シングルアームパンタグラフ化した編成,,,,,,,,,,,
JR北海道,札幌近郊エリア,札幌運転所,731系,,G-102,1,Tc,クハ731-102,731-04,2004/12/27,,731,731-1,,,t,,t,苫小牧・滝川,北海道医療大学・小樽,,,,シングルアームパンタグラフ化,シングルアームパンタグラフ化した編成,,,wc,,,,,,,,
JR北海道,札幌近郊エリア,札幌運転所,731系,,G-102,2,M,モハ731-102,731-05,2004/12/27,,731,731-2,,＜,m,,m,苫小牧・滝川,北海道医療大学・小樽,,,,シングルアームパンタグラフ化,シングルアームパンタグラフ化した編成,,,,,,,,,,,
JR北海道,札幌近郊エリア,札幌運転所,731系,,G-102,3,Tc,クハ731-202,731-06,2004/12/27,,731,731-3,,,t,,t,苫小牧・滝川,北海道医療大学・小樽,,,,シングルアームパンタグラフ化,シングルアームパンタグラフ化した編成,,,,,,,,,,,
JR北海道,札幌近郊エリア,札幌運転所,731系,,G-103,1,Tc,クハ731-103,731-07,2005/09/18,,731,731-1,,,t,,t,苫小牧・滝川,北海道医療大学・小樽,,,,シングルアームパンタグラフ化,シングルアームパンタグラフ化した編成,,,wc,,,,,,,,
JR北海道,札幌近郊エリア,札幌運転所,731系,,G-103,2,M,モハ731-103,731-08,2005/09/18,,731,731-2,,＜,m,,m,苫小牧・滝川,北海道医療大学・小樽,,,,シングルアームパンタグラフ化,シングルアームパンタグラフ化した編成,,,,,,,,,,,
JR北海道,札幌近郊エリア,札幌運転所,731系,,G-103,3,Tc,クハ731-203,731-09,2005/09/18,,731,731-3,,,t,,t,苫小牧・滝川,北海道医療大学・小樽,,,,シングルアームパンタグラフ化,シングルアームパンタグラフ化した編成,,,,,,,,,,,
JR北海道,札幌近郊エリア,札幌運転所,731系,,G-104,1,Tc,クハ731-104,731-10,2005/09/11,,731,731-1,,,t,,t,苫小牧・滝川,北海道医療大学・小樽,,,,シングルアームパンタグラフ化,シングルアームパンタグラフ化した編成,,,wc,,,,,,,,
JR北海道,札幌近郊エリア,札幌運転所,731系,,G-104,2,M,モハ731-104,731-11,2005/09/11,,731,731-2,,＜,m,,m,苫小牧・滝川,北海道医療大学・小樽,,,,シングルアームパンタグラフ化,シングルアームパンタグラフ化した編成,,,,,,,,,,,
JR北海道,札幌近郊エリア,札幌運転所,731系,,G-104,3,Tc,クハ731-204,731-12,2005/09/11,,731,731-3,,,t,,t,苫小牧・滝川,北海道医療大学・小樽,,,,シングルアームパンタグラフ化,シングルアームパンタグラフ化した編成,,,,,,,,,,,
JR北海道,札幌近郊エリア,札幌運転所,731系,,G-105,1,Tc,クハ731-105,731-13,2005/10/26,,731,731-1,,,t,,t,苫小牧・滝川,北海道医療大学・小樽,,,,シングルアームパンタグラフ化,シングルアームパンタグラフ化した編成,,,wc,,,,,,,,
JR北海道,札幌近郊エリア,札幌運転所,731系,,G-105,2,M,モハ731-105,731-14,2005/10/26,,731,731-2,,＜,m,,m,苫小牧・滝川,北海道医療大学・小樽,,,,シングルアームパンタグラフ化,シングルアームパンタグラフ化した編成,,,,,,,,,,,
JR北海道,札幌近郊エリア,札幌運転所,731系,,G-105,3,Tc,クハ731-205,731-15,2005/10/26,,731,731-3,,,t,,t,苫小牧・滝川,北海道医療大学・小樽,,,,シングルアームパンタグラフ化,シングルアームパンタグラフ化した編成,,,,,,,,,,,
JR北海道,札幌近郊エリア,札幌運転所,731系,,G-106,1,Tc,クハ731-106,731-16,2005/02/25,,731,731-1,,,t,,t,苫小牧・滝川,北海道医療大学・小樽,,,,シングルアームパンタグラフ化,シングルアームパンタグラフ化した編成,,,wc,,,,,,,,
JR北海道,札幌近郊エリア,札幌運転所,731系,,G-106,2,M,モハ731-106,731-17,2005/02/25,,731,731-2,,＜,m,,m,苫小牧・滝川,北海道医療大学・小樽,,,,シングルアームパンタグラフ化,シングルアームパンタグラフ化した編成,,,,,,,,,,,
JR北海道,札幌近郊エリア,札幌運転所,731系,,G-106,3,Tc,クハ731-206,731-18,2005/02/25,,731,731-3,,,t,,t,苫小牧・滝川,北海道医療大学・小樽,,,,シングルアームパンタグラフ化,シングルアームパンタグラフ化した編成,,,,,,,,,,,
JR北海道,札幌近郊エリア,札幌運転所,731系,,G-107,1,Tc,クハ731-107,731-19,2004/10/23,,731,731-1,,,t,,t,苫小牧・滝川,北海道医療大学・小樽,,,,シングルアームパンタグラフ化,シングルアームパンタグラフ化した編成,,,wc,,,,,,,,
JR北海道,札幌近郊エリア,札幌運転所,731系,,G-107,2,M,モハ731-107,731-20,2004/10/23,,731,731-2,,＜,m,,m,苫小牧・滝川,北海道医療大学・小樽,,,,シングルアームパンタグラフ化,シングルアームパンタグラフ化した編成,,,,,,,,,,,
JR北海道,札幌近郊エリア,札幌運転所,731系,,G-107,3,Tc,クハ731-207,731-21,2004/10/23,,731,731-3,,,t,,t,苫小牧・滝川,北海道医療大学・小樽,,,,シングルアームパンタグラフ化,シングルアームパンタグラフ化した編成,,,,,,,,,,,
JR北海道,札幌近郊エリア,札幌運転所,731系,,G-108,1,Tc,クハ731-108,731-22,2005/04/14,,731,731-1,,,t,,t,苫小牧・滝川,北海道医療大学・小樽,,,,シングルアームパンタグラフ化,シングルアームパンタグラフ化した編成,,,wc,,,,,,,,
JR北海道,札幌近郊エリア,札幌運転所,731系,,G-108,2,M,モハ731-108,731-23,2005/04/14,,731,731-2,,＜,m,,m,苫小牧・滝川,北海道医療大学・小樽,,,,シングルアームパンタグラフ化,シングルアームパンタグラフ化した編成,,,,,,,,,,,
JR北海道,札幌近郊エリア,札幌運転所,731系,,G-108,3,Tc,クハ731-208,731-24,2005/04/14,,731,731-3,,,t,,t,苫小牧・滝川,北海道医療大学・小樽,,,,シングルアームパンタグラフ化,シングルアームパンタグラフ化した編成,,,,,,,,,,,
JR北海道,札幌近郊エリア,札幌運転所,731系,,G-109,1,Tc,クハ731-109,731-25,2005/04/25,,731,731-1,,,t,,t,苫小牧・滝川,北海道医療大学・小樽,,,,シングルアームパンタグラフ化,シングルアームパンタグラフ化した編成,,,wc,,,,,,,,
JR北海道,札幌近郊エリア,札幌運転所,731系,,G-109,2,M,モハ731-109,731-26,2005/04/25,,731,731-2,,＜,m,,m,苫小牧・滝川,北海道医療大学・小樽,,,,シングルアームパンタグラフ化,シングルアームパンタグラフ化した編成,,,,,,,,,,,
JR北海道,札幌近郊エリア,札幌運転所,731系,,G-109,3,Tc,クハ731-209,731-27,2005/04/25,,731,731-3,,,t,,t,苫小牧・滝川,北海道医療大学・小樽,,,,シングルアームパンタグラフ化,シングルアームパンタグラフ化した編成,,,,,,,,,,,
JR北海道,札幌近郊エリア,札幌運転所,731系,,G-110,1,Tc,クハ731-110,731-28,2005/07/12,,731,731-1,,,t,,t,苫小牧・滝川,北海道医療大学・小樽,,,,シングルアームパンタグラフ化,シングルアームパンタグラフ化した編成,,,wc,,,,,,,,
JR北海道,札幌近郊エリア,札幌運転所,731系,,G-110,2,M,モハ731-110,731-29,2005/07/12,,731,731-2,,＜,m,,m,苫小牧・滝川,北海道医療大学・小樽,,,,シングルアームパンタグラフ化,シングルアームパンタグラフ化した編成,,,,,,,,,,,
JR北海道,札幌近郊エリア,札幌運転所,731系,,G-110,3,Tc,クハ731-210,731-30,2005/07/12,,731,731-3,,,t,,t,苫小牧・滝川,北海道医療大学・小樽,,,,シングルアームパンタグラフ化,シングルアームパンタグラフ化した編成,,,,,,,,,,,
JR北海道,札幌近郊エリア,札幌運転所,731系,,G-111,1,Tc,クハ731-111,731-31,2005/08/16,,731,731-1,,,t,,t,苫小牧・滝川,北海道医療大学・小樽,,,,シングルアームパンタグラフ化,シングルアームパンタグラフ化した編成,,,wc,,,,,,,,
JR北海道,札幌近郊エリア,札幌運転所,731系,,G-111,2,M,モハ731-111,731-32,2005/08/16,,731,731-2,,＜,m,,m,苫小牧・滝川,北海道医療大学・小樽,,,,シングルアームパンタグラフ化,シングルアームパンタグラフ化した編成,,,,,,,,,,,
JR北海道,札幌近郊エリア,札幌運転所,731系,,G-111,3,Tc,クハ731-211,731-33,2005/08/16,,731,731-3,,,t,,t,苫小牧・滝川,北海道医療大学・小樽,,,,シングルアームパンタグラフ化,シングルアームパンタグラフ化した編成,,,,,,,,,,,
JR北海道,札幌近郊エリア,札幌運転所,731系,,G-112,1,Tc,クハ731-112,731-34,2005/01/22,,731,731-1,,,t,,t,苫小牧・滝川,北海道医療大学・小樽,,,,シングルアームパンタグラフ化,シングルアームパンタグラフ化した編成,,,wc,,,,,,,,
JR北海道,札幌近郊エリア,札幌運転所,731系,,G-112,2,M,モハ731-112,731-35,2005/01/22,,731,731-2,,＜,m,,m,苫小牧・滝川,北海道医療大学・小樽,,,,シングルアームパンタグラフ化,シングルアームパンタグラフ化した編成,,,,,,,,,,,
JR北海道,札幌近郊エリア,札幌運転所,731系,,G-112,3,Tc,クハ731-212,731-36,2005/01/22,,731,731-3,,,t,,t,苫小牧・滝川,北海道医療大学・小樽,,,,シングルアームパンタグラフ化,シングルアームパンタグラフ化した編成,,,,,,,,,,,
JR北海道,札幌近郊エリア,札幌運転所,731系,,G-113,1,Tc,クハ731-113,731-37,2005/07/31,,731,731-1,,,t,,t,苫小牧・滝川,北海道医療大学・小樽,,,,シングルアームパンタグラフ化,シングルアームパンタグラフ化した編成,,,wc,,,,,,,,
JR北海道,札幌近郊エリア,札幌運転所,731系,,G-113,2,M,モハ731-113,731-38,2005/07/31,,731,731-2,,＜,m,,m,苫小牧・滝川,北海道医療大学・小樽,,,,シングルアームパンタグラフ化,シングルアームパンタグラフ化した編成,,,,,,,,,,,
JR北海道,札幌近郊エリア,札幌運転所,731系,,G-113,3,Tc,クハ731-213,731-39,2005/07/31,,731,731-3,,,t,,t,苫小牧・滝川,北海道医療大学・小樽,,,,シングルアームパンタグラフ化,シングルアームパンタグラフ化した編成,,,,,,,,,,,
JR北海道,札幌近郊エリア,札幌運転所,731系,,G-114,1,Tc,クハ731-114,731-40,2005/08/28,,731,731-1,,,t,,t,苫小牧・滝川,北海道医療大学・小樽,,,,シングルアームパンタグラフ化,シングルアームパンタグラフ化した編成,,,wc,,,,,,,,
JR北海道,札幌近郊エリア,札幌運転所,731系,,G-114,2,M,モハ731-114,731-41,2005/08/28,,731,731-2,,＜,m,,m,苫小牧・滝川,北海道医療大学・小樽,,,,シングルアームパンタグラフ化,シングルアームパンタグラフ化した編成,,,,,,,,,,,
JR北海道,札幌近郊エリア,札幌運転所,731系,,G-114,3,Tc,クハ731-214,731-42,2005/08/28,,731,731-3,,,t,,t,苫小牧・滝川,北海道医療大学・小樽,,,,シングルアームパンタグラフ化,シングルアームパンタグラフ化した編成,,,,,,,,,,,
JR北海道,札幌近郊エリア,札幌運転所,731系,,G-115,1,Tc,クハ731-115,731-43,2004/11/08,,731,731-1,,,t,,t,苫小牧・滝川,北海道医療大学・小樽,,,,シングルアームパンタグラフ化,シングルアームパンタグラフ化した編成,,,wc,,,,,,,,
JR北海道,札幌近郊エリア,札幌運転所,731系,,G-115,2,M,モハ731-115,731-44,2004/11/08,,731,731-2,,＜,m,,m,苫小牧・滝川,北海道医療大学・小樽,,,,シングルアームパンタグラフ化,シングルアームパンタグラフ化した編成,,,,,,,,,,,
JR北海道,札幌近郊エリア,札幌運転所,731系,,G-115,3,Tc,クハ731-215,731-45,2004/11/08,,731,731-3,,,t,,t,苫小牧・滝川,北海道医療大学・小樽,,,,シングルアームパンタグラフ化,シングルアームパンタグラフ化した編成,,,,,,,,,,,
JR北海道,札幌近郊エリア,札幌運転所,731系,,G-116,1,Tc,クハ731-116,731-46,2005/03/13,,731,731-1,,,t,,t,苫小牧・滝川,北海道医療大学・小樽,,,,シングルアームパンタグラフ化,シングルアームパンタグラフ化した編成,,,wc,,,,,,,,
JR北海道,札幌近郊エリア,札幌運転所,731系,,G-116,2,M,モハ731-116,731-47,2005/03/13,,731,731-2,,＜,m,,m,苫小牧・滝川,北海道医療大学・小樽,,,,シングルアームパンタグラフ化,シングルアームパンタグラフ化した編成,,,,,,,,,,,
JR北海道,札幌近郊エリア,札幌運転所,731系,,G-116,3,Tc,クハ731-216,731-48,2005/03/13,,731,731-3,,,t,,t,苫小牧・滝川,北海道医療大学・小樽,,,,シングルアームパンタグラフ化,シングルアームパンタグラフ化した編成,,,,,,,,,,,
JR北海道,札幌近郊エリア,札幌運転所,731系,,G-117,1,Tc,クハ731-117,731-49,2005/06/26,,731,731-1,,,t,,t,苫小牧・滝川,北海道医療大学・小樽,,,,シングルアームパンタグラフ化,シングルアームパンタグラフ化した編成,,,wc,,,,,,,,
JR北海道,札幌近郊エリア,札幌運転所,731系,,G-117,2,M,モハ731-117,731-50,2005/06/26,,731,731-2,,＜,m,,m,苫小牧・滝川,北海道医療大学・小樽,,,,シングルアームパンタグラフ化,シングルアームパンタグラフ化した編成,,,,,,,,,,,
JR北海道,札幌近郊エリア,札幌運転所,731系,,G-117,3,Tc,クハ731-217,731-51,2005/06/26,,731,731-3,,,t,,t,苫小牧・滝川,北海道医療大学・小樽,,,,シングルアームパンタグラフ化,シングルアームパンタグラフ化した編成,,,,,,,,,,,
JR北海道,札幌近郊エリア,札幌運転所,731系,,G-118,1,Tc,クハ731-118,731-52,2004/12/18,,731,731-1,,,t,,t,苫小牧・滝川,北海道医療大学・小樽,,,,シングルアームパンタグラフ化,シングルアームパンタグラフ化した編成,,,wc,,,,,,,,
JR北海道,札幌近郊エリア,札幌運転所,731系,,G-118,2,M,モハ731-118,731-53,2004/12/18,,731,731-2,,＜,m,,m,苫小牧・滝川,北海道医療大学・小樽,,,,シングルアームパンタグラフ化,シングルアームパンタグラフ化した編成,,,,,,,,,,,
JR北海道,札幌近郊エリア,札幌運転所,731系,,G-118,3,Tc,クハ731-218,731-54,2004/12/18,,731,731-3,,,t,,t,苫小牧・滝川,北海道医療大学・小樽,,,,シングルアームパンタグラフ化,シングルアームパンタグラフ化した編成,,,,,,,,,,,
JR北海道,札幌近郊エリア,札幌運転所,731系,,G-119,1,Tc,クハ731-119,731-55,2005/07/21,,731,731-1,,,t,,t,苫小牧・滝川,北海道医療大学・小樽,,,,シングルアームパンタグラフ化,シングルアームパンタグラフ化した編成,,,wc,,,,,,,,
JR北海道,札幌近郊エリア,札幌運転所,731系,,G-119,2,M,モハ731-119,731-56,2005/07/21,,731,731-2,,＜,m,,m,苫小牧・滝川,北海道医療大学・小樽,,,,シングルアームパンタグラフ化,シングルアームパンタグラフ化した編成,,,,,,,,,,,
JR北海道,札幌近郊エリア,札幌運転所,731系,,G-119,3,Tc,クハ731-219,731-57,2005/07/21,,731,731-3,,,t,,t,苫小牧・滝川,北海道医療大学・小樽,,,,シングルアームパンタグラフ化,シングルアームパンタグラフ化した編成,,,,,,,,,,,
JR北海道,札幌近郊エリア,札幌運転所,731系,,G-120,1,Tc,クハ731-120,731-58,2006/03/06,,731,731-1,,,t,,t,苫小牧・滝川,北海道医療大学・小樽,,,,シングルアームパンタグラフ化,シングルアームパンタグラフ化した編成,,,wc,,,,,,,,
JR北海道,札幌近郊エリア,札幌運転所,731系,,G-120,2,M,モハ731-120,731-59,2006/03/06,,731,731-2,,＜,m,,m,苫小牧・滝川,北海道医療大学・小樽,,,,シングルアームパンタグラフ化,シングルアームパンタグラフ化した編成,,,,,,,,,,,
JR北海道,札幌近郊エリア,札幌運転所,731系,,G-120,3,Tc,クハ731-220,731-60,2006/03/06,,731,731-3,,,t,,t,苫小牧・滝川,北海道医療大学・小樽,,,,シングルアームパンタグラフ化,シングルアームパンタグラフ化した編成,,,,,,,,,,,
JR北海道,札幌近郊エリア,札幌運転所,731系,,G-121,1,Tc,クハ731-121,731-61,2006/03/05,,731,731-1,,,t,,t,苫小牧・滝川,北海道医療大学・小樽,,,,シングルアームパンタグラフ化,シングルアームパンタグラフ化した編成,,,wc,,,,,,,,
JR北海道,札幌近郊エリア,札幌運転所,731系,,G-121,2,M,モハ731-121,731-62,2006/03/05,,731,731-2,,＜,m,,m,苫小牧・滝川,北海道医療大学・小樽,,,,シングルアームパンタグラフ化,シングルアームパンタグラフ化した編成,,,,,,,,,,,
JR北海道,札幌近郊エリア,札幌運転所,731系,,G-121,3,Tc,クハ731-221,731-63,2006/03/05,,731,731-3,,,t,,t,苫小牧・滝川,北海道医療大学・小樽,,,,シングルアームパンタグラフ化,シングルアームパンタグラフ化した編成,,,,,,,,,,,
JR北海道,札幌近郊エリア,札幌運転所,733系,0番台,B-101,1,Tc,クハ733-101,733-01,2012/03/10,,735,733-1,,,t,,t,苫小牧・滝川,北海道医療大学・小樽,,,,0番台,,,,wc,,,,,,,,N-TR733
JR北海道,札幌近郊エリア,札幌運転所,733系,0番台,B-101,2,M,モハ733-101,733-02,2012/03/10,,735,733-2,,＜,m,,m,苫小牧・滝川,北海道医療大学・小樽,,,,0番台,,,,,,N-PS785,,,,,N-DT733,
JR北海道,札幌近郊エリア,札幌運転所,733系,0番台,B-101,3,Tc,クハ733-201,733-03,2012/03/10,,735,733-4,,,t,,t,苫小牧・滝川,北海道医療大学・小樽,,,,0番台,,,,,,,,,,,,N-TR733
JR北海道,札幌近郊エリア,札幌運転所,733系,0番台,B-102,1,Tc,クハ733-102,733-04,2012/03/13,,735,733-1,,,t,,t,苫小牧・滝川,北海道医療大学・小樽,,,,0番台,,,,wc,,,,,,,,N-TR733
JR北海道,札幌近郊エリア,札幌運転所,733系,0番台,B-102,2,M,モハ733-102,733-05,2012/03/13,,735,733-2,,＜,m,,m,苫小牧・滝川,北海道医療大学・小樽,,,,0番台,,,,,,N-PS785,,,,,N-DT733,
JR北海道,札幌近郊エリア,札幌運転所,733系,0番台,B-102,3,Tc,クハ733-202,733-06,2012/03/13,,735,733-4,,,t,,t,苫小牧・滝川,北海道医療大学・小樽,,,,0番台,,,,,,,,,,,,N-TR733
JR北海道,札幌近郊エリア,札幌運転所,733系,0番台,B-103,1,Tc,クハ733-103,733-07,2012/03/15,,735,733-1,,,t,,t,苫小牧・滝川,北海道医療大学・小樽,,,,0番台,,,,wc,,,,,,,,N-TR733
JR北海道,札幌近郊エリア,札幌運転所,733系,0番台,B-103,2,M,モハ733-103,733-08,2012/03/15,,735,733-2,,＜,m,,m,苫小牧・滝川,北海道医療大学・小樽,,,,0番台,,,,,,N-PS785,,,,,N-DT733,
JR北海道,札幌近郊エリア,札幌運転所,733系,0番台,B-103,3,Tc,クハ733-203,733-09,2012/03/15,,735,733-4,,,t,,t,苫小牧・滝川,北海道医療大学・小樽,,,,0番台,,,,,,,,,,,,N-TR733
JR北海道,札幌近郊エリア,札幌運転所,733系,0番台,B-104,1,Tc,クハ733-104,733-10,2012/03/17,,735,733-1,,,t,,t,苫小牧・滝川,北海道医療大学・小樽,,,,0番台,,,,wc,,,,,,,,N-TR733
JR北海道,札幌近郊エリア,札幌運転所,733系,0番台,B-104,2,M,モハ733-104,733-11,2012/03/17,,735,733-2,,＜,m,,m,苫小牧・滝川,北海道医療大学・小樽,,,,0番台,,,,,,N-PS785,,,,,N-DT733,
JR北海道,札幌近郊エリア,札幌運転所,733系,0番台,B-104,3,Tc,クハ733-204,733-12,2012/03/17,,735,733-4,,,t,,t,苫小牧・滝川,北海道医療大学・小樽,,,,0番台,,,,,,,,,,,,N-TR733
JR北海道,札幌近郊エリア,札幌運転所,733系,0番台,B-105,1,Tc,クハ733-105,733-13,2012/05/10,,735,733-1,,,t,,t,苫小牧・滝川,北海道医療大学・小樽,,,,0番台,,,,wc,,,,,,,,N-TR733
JR北海道,札幌近郊エリア,札幌運転所,733系,0番台,B-105,2,M,モハ733-105,733-14,2012/05/10,,735,733-2,,＜,m,,m,苫小牧・滝川,北海道医療大学・小樽,,,,0番台,,,,,,N-PS785,,,,,N-DT733,
JR北海道,札幌近郊エリア,札幌運転所,733系,0番台,B-105,3,Tc,クハ733-205,733-15,2012/05/10,,735,733-4,,,t,,t,苫小牧・滝川,北海道医療大学・小樽,,,,0番台,,,,,,,,,,,,N-TR733
JR北海道,札幌近郊エリア,札幌運転所,733系,0番台,B-106,1,Tc,クハ733-106,733-16,2012/05/11,,735,733-1,,,t,,t,苫小牧・滝川,北海道医療大学・小樽,,,,0番台,,,,wc,,,,,,,,N-TR733
JR北海道,札幌近郊エリア,札幌運転所,733系,0番台,B-106,2,M,モハ733-106,733-17,2012/05/11,,735,733-2,,＜,m,,m,苫小牧・滝川,北海道医療大学・小樽,,,,0番台,,,,,,N-PS785,,,,,N-DT733,
JR北海道,札幌近郊エリア,札幌運転所,733系,0番台,B-106,3,Tc,クハ733-206,733-18,2012/05/11,,735,733-4,,,t,,t,苫小牧・滝川,北海道医療大学・小樽,,,,0番台,,,,,,,,,,,,N-TR733
JR北海道,札幌近郊エリア,札幌運転所,733系,0番台,B-107,1,Tc,クハ733-107,733-19,2012/05/12,,735,733-1,,,t,,t,苫小牧・滝川,北海道医療大学・小樽,,,,0番台,,,,wc,,,,,,,,N-TR733
JR北海道,札幌近郊エリア,札幌運転所,733系,0番台,B-107,2,M,モハ733-107,733-20,2012/05/12,,735,733-2,,＜,m,,m,苫小牧・滝川,北海道医療大学・小樽,,,,0番台,,,,,,N-PS785,,,,,N-DT733,
JR北海道,札幌近郊エリア,札幌運転所,733系,0番台,B-107,3,Tc,クハ733-207,733-21,2012/05/12,,735,733-4,,,t,,t,苫小牧・滝川,北海道医療大学・小樽,,,,0番台,,,,,,,,,,,,N-TR733
JR北海道,札幌近郊エリア,札幌運転所,733系,0番台,B-108,1,Tc,クハ733-108,733-22,2012/05/13,,735,733-1,,,t,,t,苫小牧・滝川,北海道医療大学・小樽,,,,0番台,,,,wc,,,,,,,,N-TR733
JR北海道,札幌近郊エリア,札幌運転所,733系,0番台,B-108,2,M,モハ733-108,733-23,2012/05/13,,735,733-2,,＜,m,,m,苫小牧・滝川,北海道医療大学・小樽,,,,0番台,,,,,,N-PS785,,,,,N-DT733,
JR北海道,札幌近郊エリア,札幌運転所,733系,0番台,B-108,3,Tc,クハ733-208,733-24,2012/05/13,,735,733-4,,,t,,t,苫小牧・滝川,北海道医療大学・小樽,,,,0番台,,,,,,,,,,,,N-TR733
JR北海道,札幌近郊エリア,札幌運転所,733系,0番台,B-109,1,Tc,クハ733-109,733-25,2012/08/22,,735,733-1,,,t,,t,苫小牧・滝川,北海道医療大学・小樽,,,,0番台,,,,wc,,,,,,,,N-TR733
JR北海道,札幌近郊エリア,札幌運転所,733系,0番台,B-109,2,M,モハ733-109,733-26,2012/08/22,,735,733-2,,＜,m,,m,苫小牧・滝川,北海道医療大学・小樽,,,,0番台,,,,,,N-PS785,,,,,N-DT733,
JR北海道,札幌近郊エリア,札幌運転所,733系,0番台,B-109,3,Tc,クハ733-209,733-27,2012/08/22,,735,733-4,,,t,,t,苫小牧・滝川,北海道医療大学・小樽,,,,0番台,,,,,,,,,,,,N-TR733
JR北海道,札幌近郊エリア,札幌運転所,733系,0番台,B-110,1,Tc,クハ733-110,733-28,2012/08/13,,735,733-1,,,t,,t,苫小牧・滝川,北海道医療大学・小樽,,,,0番台,,,,wc,,,,,,,,N-TR733
JR北海道,札幌近郊エリア,札幌運転所,733系,0番台,B-110,2,M,モハ733-110,733-29,2012/08/13,,735,733-2,,＜,m,,m,苫小牧・滝川,北海道医療大学・小樽,,,,0番台,,,,,,N-PS785,,,,,N-DT733,
JR北海道,札幌近郊エリア,札幌運転所,733系,0番台,B-110,3,Tc,クハ733-210,733-30,2012/08/13,,735,733-4,,,t,,t,苫小牧・滝川,北海道医療大学・小樽,,,,0番台,,,,,,,,,,,,N-TR733
JR北海道,札幌近郊エリア,札幌運転所,733系,0番台,B-111,1,Tc,クハ733-111,733-31,2012/08/20,,735,733-1,,,t,,t,苫小牧・滝川,北海道医療大学・小樽,,,,0番台,,,,wc,,,,,,,,N-TR733
JR北海道,札幌近郊エリア,札幌運転所,733系,0番台,B-111,2,M,モハ733-111,733-32,2012/08/20,,735,733-2,,＜,m,,m,苫小牧・滝川,北海道医療大学・小樽,,,,0番台,,,,,,N-PS785,,,,,N-DT733,
JR北海道,札幌近郊エリア,札幌運転所,733系,0番台,B-111,3,Tc,クハ733-211,733-33,2012/08/20,,735,733-4,,,t,,t,苫小牧・滝川,北海道医療大学・小樽,,,,0番台,,,,,,,,,,,,N-TR733
JR北海道,札幌近郊エリア,札幌運転所,733系,0番台,B-112,1,Tc,クハ733-112,733-34,2012/08/21,,735,733-1,,,t,,t,苫小牧・滝川,北海道医療大学・小樽,,,,0番台,,,,wc,,,,,,,,N-TR733
JR北海道,札幌近郊エリア,札幌運転所,733系,0番台,B-112,2,M,モハ733-112,733-35,2012/08/21,,735,733-2,,＜,m,,m,苫小牧・滝川,北海道医療大学・小樽,,,,0番台,,,,,,N-PS785,,,,,N-DT733,
JR北海道,札幌近郊エリア,札幌運転所,733系,0番台,B-112,3,Tc,クハ733-212,733-36,2012/08/21,,735,733-4,,,t,,t,苫小牧・滝川,北海道医療大学・小樽,,,,0番台,,,,,,,,,,,,N-TR733
JR北海道,札幌近郊エリア,札幌運転所,733系,0番台,B-113,1,Tc,クハ733-113,733-37,2013/09/18,,735,733-1,,,t,,t,苫小牧・滝川,北海道医療大学・小樽,,,,0番台,,,,wc,,,,,,,,N-TR733
JR北海道,札幌近郊エリア,札幌運転所,733系,0番台,B-113,2,M,モハ733-113,733-38,2013/09/18,,735,733-2,,＜,m,,m,苫小牧・滝川,北海道医療大学・小樽,,,,0番台,,,,,,N-PS785,,,,,N-DT733,
JR北海道,札幌近郊エリア,札幌運転所,733系,0番台,B-113,3,Tc,クハ733-213,733-39,2013/09/18,,735,733-4,,,t,,t,苫小牧・滝川,北海道医療大学・小樽,,,,0番台,,,,,,,,,,,,N-TR733
JR北海道,札幌近郊エリア,札幌運転所,733系,0番台,B-114,1,Tc,クハ733-114,733-40,2013/09/19,,735,733-1,,,t,,t,苫小牧・滝川,北海道医療大学・小樽,,,,0番台,,,,wc,,,,,,,,N-TR733
JR北海道,札幌近郊エリア,札幌運転所,733系,0番台,B-114,2,M,モハ733-114,733-41,2013/09/19,,735,733-2,,＜,m,,m,苫小牧・滝川,北海道医療大学・小樽,,,,0番台,,,,,,N-PS785,,,,,N-DT733,
JR北海道,札幌近郊エリア,札幌運転所,733系,0番台,B-114,3,Tc,クハ733-214,733-42,2013/09/19,,735,733-4,,,t,,t,苫小牧・滝川,北海道医療大学・小樽,,,,0番台,,,,,,,,,,,,N-TR733
JR北海道,札幌近郊エリア,札幌運転所,733系,0番台,B-115,1,Tc,クハ733-115,733-43,2013/10/16,,735,733-1,,,t,,t,苫小牧・滝川,北海道医療大学・小樽,,,,0番台,,,,wc,,,,,,,,N-TR733
JR北海道,札幌近郊エリア,札幌運転所,733系,0番台,B-115,2,M,モハ733-115,733-44,2013/10/16,,735,733-2,,＜,m,,m,苫小牧・滝川,北海道医療大学・小樽,,,,0番台,,,,,,N-PS785,,,,,N-DT733,
JR北海道,札幌近郊エリア,札幌運転所,733系,0番台,B-115,3,Tc,クハ733-215,733-45,2013/10/16,,735,733-4,,,t,,t,苫小牧・滝川,北海道医療大学・小樽,,,,0番台,,,,,,,,,,,,N-TR733
JR北海道,札幌近郊エリア,札幌運転所,733系,0番台,B-116,1,Tc,クハ733-116,733-46,2013/10/17,,735,733-1,,,t,,t,苫小牧・滝川,北海道医療大学・小樽,,,,0番台,,,,wc,,,,,,,,N-TR733
JR北海道,札幌近郊エリア,札幌運転所,733系,0番台,B-116,2,M,モハ733-116,733-47,2013/10/17,,735,733-2,,＜,m,,m,苫小牧・滝川,北海道医療大学・小樽,,,,0番台,,,,,,N-PS785,,,,,N-DT733,
JR北海道,札幌近郊エリア,札幌運転所,733系,0番台,B-116,3,Tc,クハ733-216,733-48,2013/10/17,,735,733-4,,,t,,t,苫小牧・滝川,北海道医療大学・小樽,,,,0番台,,,,,,,,,,,,N-TR733
JR北海道,札幌近郊エリア,札幌運転所,733系,0番台,B-117,1,Tc,クハ733-117,733-49,2013/10/18,,735,733-1,,,t,,t,苫小牧・滝川,北海道医療大学・小樽,,,,0番台,,,,wc,,,,,,,,N-TR733
JR北海道,札幌近郊エリア,札幌運転所,733系,0番台,B-117,2,M,モハ733-117,733-50,2013/10/18,,735,733-2,,＜,m,,m,苫小牧・滝川,北海道医療大学・小樽,,,,0番台,,,,,,N-PS785,,,,,N-DT733,
JR北海道,札幌近郊エリア,札幌運転所,733系,0番台,B-117,3,Tc,クハ733-217,733-51,2013/10/18,,735,733-4,,,t,,t,苫小牧・滝川,北海道医療大学・小樽,,,,0番台,,,,,,,,,,,,N-TR733
JR北海道,札幌近郊エリア,札幌運転所,733系,0番台,B-118,1,Tc,クハ733-118,733-52,2013/11/09,,735,733-1,,,t,,t,苫小牧・滝川,北海道医療大学・小樽,,,,0番台,,,,wc,,,,,,,,N-TR733
JR北海道,札幌近郊エリア,札幌運転所,733系,0番台,B-118,2,M,モハ733-118,733-53,2013/11/09,,735,733-2,,＜,m,,m,苫小牧・滝川,北海道医療大学・小樽,,,,0番台,,,,,,N-PS785,,,,,N-DT733,
JR北海道,札幌近郊エリア,札幌運転所,733系,0番台,B-118,3,Tc,クハ733-218,733-54,2013/11/09,,735,733-4,,,t,,t,苫小牧・滝川,北海道医療大学・小樽,,,,0番台,,,,,,,,,,,,N-TR733
JR北海道,札幌近郊エリア,札幌運転所,733系,0番台,B-119,1,Tc,クハ733-119,733-55,2013/11/10,,735,733-1,,,t,,t,苫小牧・滝川,北海道医療大学・小樽,,,,0番台,,,,wc,,,,,,,,N-TR733
JR北海道,札幌近郊エリア,札幌運転所,733系,0番台,B-119,2,M,モハ733-119,733-56,2013/11/10,,735,733-2,,＜,m,,m,苫小牧・滝川,北海道医療大学・小樽,,,,0番台,,,,,,N-PS785,,,,,N-DT733,
JR北海道,札幌近郊エリア,札幌運転所,733系,0番台,B-119,3,Tc,クハ733-219,733-57,2013/11/10,,735,733-4,,,t,,t,苫小牧・滝川,北海道医療大学・小樽,,,,0番台,,,,,,,,,,,,N-TR733
JR北海道,札幌近郊エリア,札幌運転所,733系,0番台,B-120,1,Tc,クハ733-120,733-58,2013/11/11,,735,733-1,,,t,,t,苫小牧・滝川,北海道医療大学・小樽,,,,0番台,,,,wc,,,,,,,,N-TR733
JR北海道,札幌近郊エリア,札幌運転所,733系,0番台,B-120,2,M,モハ733-112,733-59,2013/11/11,,735,733-2,,＜,m,,m,苫小牧・滝川,北海道医療大学・小樽,,,,0番台,,,,,,N-PS785,,,,,N-DT733,
JR北海道,札幌近郊エリア,札幌運転所,733系,0番台,B-120,3,Tc,クハ733-220,733-60,2013/11/11,,735,733-4,,,t,,t,苫小牧・滝川,北海道医療大学・小樽,,,,0番台,,,,,,,,,,,,N-TR733
JR北海道,札幌近郊エリア,札幌運転所,733系,0番台,B-121,1,Tc,クハ733-121,733-61,2013/11/12,,735,733-1,,,t,,t,苫小牧・滝川,北海道医療大学・小樽,,,,0番台,,,,wc,,,,,,,,N-TR733
JR北海道,札幌近郊エリア,札幌運転所,733系,0番台,B-121,2,M,モハ733-121,733-62,2013/11/12,,735,733-2,,＜,m,,m,苫小牧・滝川,北海道医療大学・小樽,,,,0番台,,,,,,N-PS785,,,,,N-DT733,
JR北海道,札幌近郊エリア,札幌運転所,733系,0番台,B-121,3,Tc,クハ733-221,733-63,2013/11/12,,735,733-4,,,t,,t,苫小牧・滝川,北海道医療大学・小樽,,,,0番台,,,,,,,,,,,,N-TR733
JR北海道,札幌近郊エリア,札幌運転所,733系,3000番台,B-3101+3201,1,Tc,クハ733-3101,733-3001,2014/06/24,,735,733-1,,,t,,t,新千歳空港,小樽,,,,3000/4000番台(快速エアポート),,,,wc,,,,,,,,N-TR733
JR北海道,札幌近郊エリア,札幌運転所,733系,3000番台,B-3101+3201,2,M,モハ733-3101,733-3002,2014/06/24,,735,733-2,,＜,m,,m,新千歳空港,小樽,,,,3000/4000番台(快速エアポート),,,,,,N-PS785,,,,,N-DT733,
JR北海道,札幌近郊エリア,札幌運転所,733系,3000番台,B-3101+3201,3,T,サハ733-3101,733-3003,2014/06/24,,735,733-2,,,t,,t,新千歳空港,小樽,,,,3000/4000番台(快速エアポート),,,,wc,,,,,,,,N-TR733
JR北海道,札幌近郊エリア,札幌運転所,733系,3000番台,B-3101+3201,4,T,サハ733-3201,733-3004,2014/06/24,,735,733-3,,,t,,t,新千歳空港,小樽,,,,3000/4000番台(快速エアポート),,,,u,,,,,,,,N-TR733
JR北海道,札幌近郊エリア,札幌運転所,733系,3000番台,B-3101+3201,5,M,モハ733-3201,733-3005,2014/06/24,,735,733-2,,＜,m,,m,新千歳空港,小樽,,,,3000/4000番台(快速エアポート),,,,,,N-PS785,,,,,N-DT733,
JR北海道,札幌近郊エリア,札幌運転所,733系,3000番台,B-3101+3201,6,Tc,クハ733-3201,733-3006,2014/06/24,,735,733-4,,,t,,t,新千歳空港,小樽,,,,3000/4000番台(快速エアポート),,,,,,,,,,,,N-TR733
JR北海道,札幌近郊エリア,札幌運転所,733系,3000番台,B-3102+3202,1,Tc,クハ733-3102,733-3007,2014/06/24,,735,733-1,,,t,,t,新千歳空港,小樽,,,,3000/4000番台(快速エアポート),,,,wc,,,,,,,,N-TR733
JR北海道,札幌近郊エリア,札幌運転所,733系,3000番台,B-3102+3202,2,M,モハ733-3102,733-3008,2014/06/24,,735,733-2,,＜,m,,m,新千歳空港,小樽,,,,3000/4000番台(快速エアポート),,,,,,N-PS785,,,,,N-DT733,
JR北海道,札幌近郊エリア,札幌運転所,733系,3000番台,B-3102+3202,3,T,サハ733-3102,733-3009,2014/06/24,,735,733-2,,,t,,t,新千歳空港,小樽,,,,3000/4000番台(快速エアポート),,,,wc,,,,,,,,N-TR733
JR北海道,札幌近郊エリア,札幌運転所,733系,3000番台,B-3102+3202,4,T,サハ733-3202,733-3010,2014/06/24,,735,733-3,,,t,,t,新千歳空港,小樽,,,,3000/4000番台(快速エアポート),,,,u,,,,,,,,N-TR733
JR北海道,札幌近郊エリア,札幌運転所,733系,3000番台,B-3102+3202,5,M,モハ733-3202,733-3011,2014/06/24,,735,733-2,,＜,m,,m,新千歳空港,小樽,,,,3000/4000番台(快速エアポート),,,,,,N-PS785,,,,,N-DT733,
JR北海道,札幌近郊エリア,札幌運転所,733系,3000番台,B-3102+3202,6,Tc,クハ733-3202,733-3012,2014/06/24,,735,733-4,,,t,,t,新千歳空港,小樽,,,,3000/4000番台(快速エアポート),,,,,,,,,,,,N-TR733
JR北海道,札幌近郊エリア,札幌運転所,733系,3000番台,B-3103+3203,1,Tc,クハ733-3103,733-3013,2014/08/06,,735,733-1,,,t,,t,新千歳空港,小樽,,,,3000/4000番台(快速エアポート),,,,wc,,,,,,,,N-TR733
JR北海道,札幌近郊エリア,札幌運転所,733系,3000番台,B-3103+3203,2,M,モハ733-3103,733-3014,2014/08/06,,735,733-2,,＜,m,,m,新千歳空港,小樽,,,,3000/4000番台(快速エアポート),,,,,,N-PS785,,,,,N-DT733,
JR北海道,札幌近郊エリア,札幌運転所,733系,3000番台,B-3103+3203,3,T,サハ733-3103,733-3015,2014/08/06,,735,733-2,,,t,,t,新千歳空港,小樽,,,,3000/4000番台(快速エアポート),,,,wc,,,,,,,,N-TR733
JR北海道,札幌近郊エリア,札幌運転所,733系,3000番台,B-3103+3203,4,T,サハ733-3203,733-3016,2014/08/06,,735,733-3,,,t,,t,新千歳空港,小樽,,,,3000/4000番台(快速エアポート),,,,u,,,,,,,,N-TR733
JR北海道,札幌近郊エリア,札幌運転所,733系,3000番台,B-3103+3203,5,M,モハ733-3203,733-3017,2014/08/06,,735,733-2,,＜,m,,m,新千歳空港,小樽,,,,3000/4000番台(快速エアポート),,,,,,N-PS785,,,,,N-DT733,
JR北海道,札幌近郊エリア,札幌運転所,733系,3000番台,B-3103+3203,6,Tc,クハ733-3203,733-3018,2014/08/06,,735,733-4,,,t,,t,新千歳空港,小樽,,,,3000/4000番台(快速エアポート),,,,,,,,,,,,N-TR733
JR北海道,札幌近郊エリア,札幌運転所,733系,3000番台,B-3104+3204,1,Tc,クハ733-3104,733-3019,2014/08/07,,735,733-1,,,t,,t,新千歳空港,小樽,,,,3000/4000番台(快速エアポート),,,,wc,,,,,,,,N-TR733
JR北海道,札幌近郊エリア,札幌運転所,733系,3000番台,B-3104+3204,2,M,モハ733-3104,733-3020,2014/08/07,,735,733-2,,＜,m,,m,新千歳空港,小樽,,,,3000/4000番台(快速エアポート),,,,,,N-PS785,,,,,N-DT733,
JR北海道,札幌近郊エリア,札幌運転所,733系,3000番台,B-3104+3204,3,T,サハ733-3104,733-3021,2014/08/07,,735,733-2,,,t,,t,新千歳空港,小樽,,,,3000/4000番台(快速エアポート),,,,wc,,,,,,,,N-TR733
JR北海道,札幌近郊エリア,札幌運転所,733系,3000番台,B-3104+3204,4,T,サハ733-3204,733-3022,2014/08/07,,735,733-3,,,t,,t,新千歳空港,小樽,,,,3000/4000番台(快速エアポート),,,,u,,,,,,,,N-TR733
JR北海道,札幌近郊エリア,札幌運転所,733系,3000番台,B-3104+3204,5,M,モハ733-3204,733-3023,2014/08/07,,735,733-2,,＜,m,,m,新千歳空港,小樽,,,,3000/4000番台(快速エアポート),,,,,,N-PS785,,,,,N-DT733,
JR北海道,札幌近郊エリア,札幌運転所,733系,3000番台,B-3104+3204,6,Tc,クハ733-3204,733-3024,2014/08/07,,735,733-4,,,t,,t,新千歳空港,小樽,,,,3000/4000番台(快速エアポート),,,,,,,,,,,,N-TR733
JR北海道,札幌近郊エリア,札幌運転所,733系,3000番台,B-3105+3205,1,Tc,クハ733-3105,733-3025,2014/10/18,,735,733-1,,,t,,t,新千歳空港,小樽,,,,3000/4000番台(快速エアポート),,,,wc,,,,,,,,N-TR733
JR北海道,札幌近郊エリア,札幌運転所,733系,3000番台,B-3105+3205,2,M,モハ733-3105,733-3026,2014/10/18,,735,733-2,,＜,m,,m,新千歳空港,小樽,,,,3000/4000番台(快速エアポート),,,,,,N-PS785,,,,,N-DT733,
JR北海道,札幌近郊エリア,札幌運転所,733系,3000番台,B-3105+3205,3,T,サハ733-3105,733-3027,2014/10/18,,735,733-2,,,t,,t,新千歳空港,小樽,,,,3000/4000番台(快速エアポート),,,,wc,,,,,,,,N-TR733
JR北海道,札幌近郊エリア,札幌運転所,733系,3000番台,B-3105+3205,4,T,サハ733-3205,733-3028,2014/10/18,,735,733-3,,,t,,t,新千歳空港,小樽,,,,3000/4000番台(快速エアポート),,,,u,,,,,,,,N-TR733
JR北海道,札幌近郊エリア,札幌運転所,733系,3000番台,B-3105+3205,5,M,モハ733-3205,733-3029,2014/10/18,,735,733-2,,＜,m,,m,新千歳空港,小樽,,,,3000/4000番台(快速エアポート),,,,,,N-PS785,,,,,N-DT733,
JR北海道,札幌近郊エリア,札幌運転所,733系,3000番台,B-3105+3205,6,Tc,クハ733-3205,733-3030,2014/10/18,,735,733-4,,,t,,t,新千歳空港,小樽,,,,3000/4000番台(快速エアポート),,,,,,,,,,,,N-TR733
JR北海道,札幌近郊エリア,札幌運転所,733系,3000番台,B-3106+3206,1,Tc,クハ733-3106,733-3031,2015/06/17,,735,733-1,,,t,,t,新千歳空港,小樽,,,,3000/4000番台(快速エアポート),,,,wc,,,,,,,,N-TR733
JR北海道,札幌近郊エリア,札幌運転所,733系,3000番台,B-3106+3206,2,M,モハ733-3106,733-3032,2015/06/17,,735,733-2,,＜,m,,m,新千歳空港,小樽,,,,3000/4000番台(快速エアポート),,,,,,N-PS785,,,,,N-DT733,
JR北海道,札幌近郊エリア,札幌運転所,733系,3000番台,B-3106+3206,3,T,サハ733-3106,733-3033,2015/06/17,,735,733-2,,,t,,t,新千歳空港,小樽,,,,3000/4000番台(快速エアポート),,,,wc,,,,,,,,N-TR733
JR北海道,札幌近郊エリア,札幌運転所,733系,3000番台,B-3106+3206,4,T,サハ733-3206,733-3034,2015/06/17,,735,733-3,,,t,,t,新千歳空港,小樽,,,,3000/4000番台(快速エアポート),,,,u,,,,,,,,N-TR733
JR北海道,札幌近郊エリア,札幌運転所,733系,3000番台,B-3106+3206,5,M,モハ733-3206,733-3035,2015/06/17,,735,733-2,,＜,m,,m,新千歳空港,小樽,,,,3000/4000番台(快速エアポート),,,,,,N-PS785,,,,,N-DT733,
JR北海道,札幌近郊エリア,札幌運転所,733系,3000番台,B-3106+3206,6,Tc,クハ733-3206,733-3036,2015/06/17,,735,733-4,,,t,,t,新千歳空港,小樽,,,,3000/4000番台(快速エアポート),,,,,,,,,,,,N-TR733
JR北海道,札幌近郊エリア,札幌運転所,733系,3000番台,B-3107+3207,1,Tc,クハ733-3107,733-3037,2015/07/02,,735,733-1,,,t,,t,新千歳空港,小樽,,,,3000/4000番台(快速エアポート),,,,wc,,,,,,,,N-TR733
JR北海道,札幌近郊エリア,札幌運転所,733系,3000番台,B-3107+3207,2,M,モハ733-3107,733-3038,2015/07/02,,735,733-2,,＜,m,,m,新千歳空港,小樽,,,,3000/4000番台(快速エアポート),,,,,,N-PS785,,,,,N-DT733,
JR北海道,札幌近郊エリア,札幌運転所,733系,3000番台,B-3107+3207,3,T,サハ733-3107,733-3039,2015/07/02,,735,733-2,,,t,,t,新千歳空港,小樽,,,,3000/4000番台(快速エアポート),,,,wc,,,,,,,,N-TR733
JR北海道,札幌近郊エリア,札幌運転所,733系,3000番台,B-3107+3207,4,T,サハ733-3207,733-3040,2015/07/02,,735,733-3,,,t,,t,新千歳空港,小樽,,,,3000/4000番台(快速エアポート),,,,u,,,,,,,,N-TR733
JR北海道,札幌近郊エリア,札幌運転所,733系,3000番台,B-3107+3207,5,M,モハ733-3207,733-3041,2015/07/02,,735,733-2,,＜,m,,m,新千歳空港,小樽,,,,3000/4000番台(快速エアポート),,,,,,N-PS785,,,,,N-DT733,
JR北海道,札幌近郊エリア,札幌運転所,733系,3000番台,B-3107+3207,6,Tc,クハ733-3207,733-3042,2015/07/02,,735,733-4,,,t,,t,新千歳空港,小樽,,,,3000/4000番台(快速エアポート),,,,,,,,,,,,N-TR733
JR北海道,札幌近郊エリア,札幌運転所,733系,3000番台,B-3108+3208,1,Tc,クハ733-3108,733-3043,2018/05/08,,735,733-1,,,t,,t,新千歳空港,小樽,,,,3000/4000番台(快速エアポート),,,,wc,,,,,,,,N-TR733
JR北海道,札幌近郊エリア,札幌運転所,733系,3000番台,B-3108+3208,2,M,モハ733-3108,733-3044,2018/05/08,,735,733-2,,＜,m,,m,新千歳空港,小樽,,,,3000/4000番台(快速エアポート),,,,,,N-PS785,,,,,N-DT733,
JR北海道,札幌近郊エリア,札幌運転所,733系,3000番台,B-3108+3208,3,T,サハ733-3108,733-3045,2018/05/08,,735,733-2,,,t,,t,新千歳空港,小樽,,,,3000/4000番台(快速エアポート),,,,wc,,,,,,,,N-TR733
JR北海道,札幌近郊エリア,札幌運転所,733系,3000番台,B-3108+3208,4,T,サハ733-3208,733-3046,2018/05/08,,735,733-3,,,t,,t,新千歳空港,小樽,,,,3000/4000番台(快速エアポート),,,,u,,,,,,,,N-TR733
JR北海道,札幌近郊エリア,札幌運転所,733系,3000番台,B-3108+3208,5,M,モハ733-3208,733-3047,2018/05/08,,735,733-2,,＜,m,,m,新千歳空港,小樽,,,,3000/4000番台(快速エアポート),,,,,,N-PS785,,,,,N-DT733,
JR北海道,札幌近郊エリア,札幌運転所,733系,3000番台,B-3108+3208,6,Tc,クハ733-3208,733-3048,2018/05/08,,735,733-4,,,t,,t,新千歳空港,小樽,,,,3000/4000番台(快速エアポート),,,,,,,,,,,,N-TR733
JR北海道,札幌近郊エリア,札幌運転所,733系,3000番台,B-3109+3209,1,Tc,クハ733-3109,733-3049,2018/05/10,,735,733-1,,,t,,t,新千歳空港,小樽,,,,3000/4000番台(快速エアポート),,,,wc,,,,,,,,N-TR733
JR北海道,札幌近郊エリア,札幌運転所,733系,3000番台,B-3109+3209,2,M,モハ733-3109,733-3050,2018/05/10,,735,733-2,,＜,m,,m,新千歳空港,小樽,,,,3000/4000番台(快速エアポート),,,,,,N-PS785,,,,,N-DT733,
JR北海道,札幌近郊エリア,札幌運転所,733系,3000番台,B-3109+3209,3,T,サハ733-3109,733-3051,2018/05/10,,735,733-2,,,t,,t,新千歳空港,小樽,,,,3000/4000番台(快速エアポート),,,,wc,,,,,,,,N-TR733
JR北海道,札幌近郊エリア,札幌運転所,733系,3000番台,B-3109+3209,4,T,サハ733-3209,733-3052,2018/05/10,,735,733-3,,,t,,t,新千歳空港,小樽,,,,3000/4000番台(快速エアポート),,,,u,,,,,,,,N-TR733
JR北海道,札幌近郊エリア,札幌運転所,733系,3000番台,B-3109+3209,5,M,モハ733-3209,733-3053,2018/05/10,,735,733-2,,＜,m,,m,新千歳空港,小樽,,,,3000/4000番台(快速エアポート),,,,,,N-PS785,,,,,N-DT733,
JR北海道,札幌近郊エリア,札幌運転所,733系,3000番台,B-3109+3209,6,Tc,クハ733-3209,733-3054,2018/05/10,,735,733-4,,,t,,t,新千歳空港,小樽,,,,3000/4000番台(快速エアポート),,,,,,,,,,,,N-TR733
JR北海道,札幌近郊エリア,札幌運転所,733系,3000番台,B-3110+3210,1,Tc,クハ733-3110,733-3055,2018/06/05,,735,733-1,,,t,,t,新千歳空港,小樽,,,,3000/4000番台(快速エアポート),,,,wc,,,,,,,,N-TR733
JR北海道,札幌近郊エリア,札幌運転所,733系,3000番台,B-3110+3210,2,M,モハ733-3110,733-3056,2018/06/05,,735,733-2,,＜,m,,m,新千歳空港,小樽,,,,3000/4000番台(快速エアポート),,,,,,N-PS785,,,,,N-DT733,
JR北海道,札幌近郊エリア,札幌運転所,733系,3000番台,B-3110+3210,3,T,サハ733-3110,733-3057,2018/06/05,,735,733-2,,,t,,t,新千歳空港,小樽,,,,3000/4000番台(快速エアポート),,,,wc,,,,,,,,N-TR733
JR北海道,札幌近郊エリア,札幌運転所,733系,3000番台,B-3110+3210,4,T,サハ733-3210,733-3058,2018/06/05,,735,733-3,,,t,,t,新千歳空港,小樽,,,,3000/4000番台(快速エアポート),,,,u,,,,,,,,N-TR733
JR北海道,札幌近郊エリア,札幌運転所,733系,3000番台,B-3110+3210,5,M,モハ733-3210,733-3059,2018/06/05,,735,733-2,,＜,m,,m,新千歳空港,小樽,,,,3000/4000番台(快速エアポート),,,,,,N-PS785,,,,,N-DT733,
JR北海道,札幌近郊エリア,札幌運転所,733系,3000番台,B-3110+3210,6,Tc,クハ733-3210,733-3060,2018/06/05,,735,733-4,,,t,,t,新千歳空港,小樽,,,,3000/4000番台(快速エアポート),,,,,,,,,,,,N-TR733
JR北海道,札幌近郊エリア,札幌運転所,733系,3000番台,B-3111+3211,1,Tc,クハ733-3111,733-3061,2018/06/07,,735,733-1,,,t,,t,新千歳空港,小樽,,,,3000/4000番台(快速エアポート),,,,wc,,,,,,,,N-TR733
JR北海道,札幌近郊エリア,札幌運転所,733系,3000番台,B-3111+3211,2,M,モハ733-3111,733-3062,2018/06/07,,735,733-2,,＜,m,,m,新千歳空港,小樽,,,,3000/4000番台(快速エアポート),,,,,,N-PS785,,,,,N-DT733,
JR北海道,札幌近郊エリア,札幌運転所,733系,3000番台,B-3111+3211,3,T,サハ733-3111,733-3063,2018/06/07,,735,733-2,,,t,,t,新千歳空港,小樽,,,,3000/4000番台(快速エアポート),,,,wc,,,,,,,,N-TR733
JR北海道,札幌近郊エリア,札幌運転所,733系,3000番台,B-3111+3211,4,T,サハ733-3211,733-3064,2018/06/07,,735,733-3,,,t,,t,新千歳空港,小樽,,,,3000/4000番台(快速エアポート),,,,u,,,,,,,,N-TR733
JR北海道,札幌近郊エリア,札幌運転所,733系,3000番台,B-3111+3211,5,M,モハ733-3211,733-3065,2018/06/07,,735,733-2,,＜,m,,m,新千歳空港,小樽,,,,3000/4000番台(快速エアポート),,,,,,N-PS785,,,,,N-DT733,
JR北海道,札幌近郊エリア,札幌運転所,733系,3000番台,B-3111+3211,6,Tc,クハ733-3211,733-3066,2018/06/07,,735,733-4,,,t,,t,新千歳空港,小樽,,,,3000/4000番台(快速エアポート),,,,,,,,,,,,N-TR733
JR北海道,札幌近郊エリア,札幌運転所,733系,4000番台,B-4101+4201,1,Tc,クハ733-4101,733-4001,2024/05/17,,735,733-1,,,t,,t,新千歳空港,小樽,,,,3000/4000番台(快速エアポート),,,,wc,,,,,,,,N-TR733
JR北海道,札幌近郊エリア,札幌運転所,733系,4000番台,B-4101+4201,2,M,モハ733-4101,733-4002,2024/05/17,,735,733-2,,＜,m,,m,新千歳空港,小樽,,,,3000/4000番台(快速エアポート),,,,,,N-PS785,,,,,N-DT733,
JR北海道,札幌近郊エリア,札幌運転所,733系,4000番台,B-4101+4201,3,T,サハ733-4101,733-4003,2024/05/17,,735,733-2,,,t,,t,新千歳空港,小樽,,,,3000/4000番台(快速エアポート),,,,wc,,,,,,,,N-TR733
JR北海道,札幌近郊エリア,札幌運転所,733系,4000番台,B-4101+4201,4,T,サハ733-4201,733-4004,2024/05/17,,735,733-3,,,t,,t,新千歳空港,小樽,,,,3000/4000番台(快速エアポート),,,,u,,,,,,,,N-TR733
JR北海道,札幌近郊エリア,札幌運転所,733系,4000番台,B-4101+4201,5,M,モハ733-4201,733-4005,2024/05/17,,735,733-2,,＜,m,,m,新千歳空港,小樽,,,,3000/4000番台(快速エアポート),,,,,,N-PS785,,,,,N-DT733,
JR北海道,札幌近郊エリア,札幌運転所,733系,4000番台,B-4101+4201,6,Tc,クハ733-4201,733-4006,2024/05/17,,735,733-4,,,t,,t,新千歳空港,小樽,,,,3000/4000番台(快速エアポート),,,,,,,,,,,,N-TR733
JR北海道,札幌近郊エリア,札幌運転所,733系,4000番台,B-4102+4202,1,Tc,クハ733-4102,733-4007,2024/05/17,,735,733-1,,,t,,t,新千歳空港,小樽,,,,3000/4000番台(快速エアポート),,,,wc,,,,,,,,N-TR733
JR北海道,札幌近郊エリア,札幌運転所,733系,4000番台,B-4102+4202,2,M,モハ733-4102,733-4008,2024/05/17,,735,733-2,,＜,m,,m,新千歳空港,小樽,,,,3000/4000番台(快速エアポート),,,,,,N-PS785,,,,,N-DT733,
JR北海道,札幌近郊エリア,札幌運転所,733系,4000番台,B-4102+4202,3,T,サハ733-4102,733-4009,2024/05/17,,735,733-2,,,t,,t,新千歳空港,小樽,,,,3000/4000番台(快速エアポート),,,,wc,,,,,,,,N-TR733
JR北海道,札幌近郊エリア,札幌運転所,733系,4000番台,B-4102+4202,4,T,サハ733-4202,733-4010,2024/05/17,,735,733-3,,,t,,t,新千歳空港,小樽,,,,3000/4000番台(快速エアポート),,,,u,,,,,,,,N-TR733
JR北海道,札幌近郊エリア,札幌運転所,733系,4000番台,B-4102+4202,5,M,モハ733-4202,733-4011,2024/05/17,,735,733-2,,＜,m,,m,新千歳空港,小樽,,,,3000/4000番台(快速エアポート),,,,,,N-PS785,,,,,N-DT733,
JR北海道,札幌近郊エリア,札幌運転所,733系,4000番台,B-4102+4202,6,Tc,クハ733-4202,733-4012,2024/05/17,,735,733-4,,,t,,t,新千歳空港,小樽,,,,3000/4000番台(快速エアポート),,,,,,,,,,,,N-TR733
JR北海道,札幌近郊エリア,札幌運転所,733系,4000番台,B-4103+4203,1,Tc,クハ733-4103,733-4013,2024/10/24,,735,733-1,,,t,,t,新千歳空港,小樽,,,,3000/4000番台(快速エアポート),,,,wc,,,,,,,,N-TR733
JR北海道,札幌近郊エリア,札幌運転所,733系,4000番台,B-4103+4203,2,M,モハ733-4103,733-4014,2024/10/24,,735,733-2,,＜,m,,m,新千歳空港,小樽,,,,3000/4000番台(快速エアポート),,,,,,N-PS785,,,,,N-DT733,
JR北海道,札幌近郊エリア,札幌運転所,733系,4000番台,B-4103+4203,3,T,サハ733-4103,733-4015,2024/10/24,,735,733-2,,,t,,t,新千歳空港,小樽,,,,3000/4000番台(快速エアポート),,,,wc,,,,,,,,N-TR733
JR北海道,札幌近郊エリア,札幌運転所,733系,4000番台,B-4103+4203,4,T,サハ733-4203,733-4016,2024/10/24,,735,733-3,,,t,,t,新千歳空港,小樽,,,,3000/4000番台(快速エアポート),,,,u,,,,,,,,N-TR733
JR北海道,札幌近郊エリア,札幌運転所,733系,4000番台,B-4103+4203,5,M,モハ733-4203,733-4017,2024/10/24,,735,733-2,,＜,m,,m,新千歳空港,小樽,,,,3000/4000番台(快速エアポート),,,,,,N-PS785,,,,,N-DT733,
JR北海道,札幌近郊エリア,札幌運転所,733系,4000番台,B-4103+4203,6,Tc,クハ733-4203,733-4018,2024/10/24,,735,733-4,,,t,,t,新千歳空港,小樽,,,,3000/4000番台(快速エアポート),,,,,,,,,,,,N-TR733
JR北海道,札幌近郊エリア,札幌運転所,733系,4000番台,B-4104+4204,1,Tc,クハ733-4104,733-4019,2024/10/24,,735,733-1,,,t,,t,新千歳空港,小樽,,,,3000/4000番台(快速エアポート),,,,wc,,,,,,,,N-TR733
JR北海道,札幌近郊エリア,札幌運転所,733系,4000番台,B-4104+4204,2,M,モハ733-4104,733-4020,2024/10/24,,735,733-2,,＜,m,,m,新千歳空港,小樽,,,,3000/4000番台(快速エアポート),,,,,,N-PS785,,,,,N-DT733,
JR北海道,札幌近郊エリア,札幌運転所,733系,4000番台,B-4104+4204,3,T,サハ733-4104,733-4021,2024/10/24,,735,733-2,,,t,,t,新千歳空港,小樽,,,,3000/4000番台(快速エアポート),,,,wc,,,,,,,,N-TR733
JR北海道,札幌近郊エリア,札幌運転所,733系,4000番台,B-4104+4204,4,T,サハ733-4204,733-4022,2024/10/24,,735,733-3,,,t,,t,新千歳空港,小樽,,,,3000/4000番台(快速エアポート),,,,u,,,,,,,,N-TR733
JR北海道,札幌近郊エリア,札幌運転所,733系,4000番台,B-4104+4204,5,M,モハ733-4204,733-4023,2024/10/24,,735,733-2,,＜,m,,m,新千歳空港,小樽,,,,3000/4000番台(快速エアポート),,,,,,N-PS785,,,,,N-DT733,
JR北海道,札幌近郊エリア,札幌運転所,733系,4000番台,B-4104+4204,6,Tc,クハ733-4204,733-4024,2024/10/24,,735,733-4,,,t,,t,新千歳空港,小樽,,,,3000/4000番台(快速エアポート),,,,,,,,,,,,N-TR733
JR北海道,札幌近郊エリア,札幌運転所,733系,4000番台,B-4105+4205,1,Tc,クハ733-4105,733-4025,2025/06/12,,735,733-1,,,t,,t,新千歳空港,小樽,,,,3000/4000番台(快速エアポート),,,,wc,,,,,,,,N-TR733
JR北海道,札幌近郊エリア,札幌運転所,733系,4000番台,B-4105+4205,2,M,モハ733-4105,733-4026,2025/06/12,,735,733-2,,＜,m,,m,新千歳空港,小樽,,,,3000/4000番台(快速エアポート),,,,,,N-PS785,,,,,N-DT733,
JR北海道,札幌近郊エリア,札幌運転所,733系,4000番台,B-4105+4205,3,T,サハ733-4105,733-4027,2025/06/12,,735,733-2,,,t,,t,新千歳空港,小樽,,,,3000/4000番台(快速エアポート),,,,wc,,,,,,,,N-TR733
JR北海道,札幌近郊エリア,札幌運転所,733系,4000番台,B-4105+4205,4,T,サハ733-4205,733-4028,2025/06/12,,735,733-3,,,t,,t,新千歳空港,小樽,,,,3000/4000番台(快速エアポート),,,,u,,,,,,,,N-TR733
JR北海道,札幌近郊エリア,札幌運転所,733系,4000番台,B-4105+4205,5,M,モハ733-4205,733-4029,2025/06/12,,735,733-2,,＜,m,,m,新千歳空港,小樽,,,,3000/4000番台(快速エアポート),,,,,,N-PS785,,,,,N-DT733,
JR北海道,札幌近郊エリア,札幌運転所,733系,4000番台,B-4105+4205,6,Tc,クハ733-4205,733-4030,2025/06/12,,735,733-4,,,t,,t,新千歳空港,小樽,,,,3000/4000番台(快速エアポート),,,,,,,,,,,,N-TR733
JR北海道,札幌近郊エリア,札幌運転所,733系,4000番台,B-4106+4206,1,Tc,クハ733-4106,733-4031,2025/06/12,,735,733-1,,,t,,t,新千歳空港,小樽,,,,3000/4000番台(快速エアポート),,,,wc,,,,,,,,N-TR733
JR北海道,札幌近郊エリア,札幌運転所,733系,4000番台,B-4106+4206,2,M,モハ733-4106,733-4032,2025/06/12,,735,733-2,,＜,m,,m,新千歳空港,小樽,,,,3000/4000番台(快速エアポート),,,,,,N-PS785,,,,,N-DT733,
JR北海道,札幌近郊エリア,札幌運転所,733系,4000番台,B-4106+4206,3,T,サハ733-4106,733-4033,2025/06/12,,735,733-2,,,t,,t,新千歳空港,小樽,,,,3000/4000番台(快速エアポート),,,,wc,,,,,,,,N-TR733
JR北海道,札幌近郊エリア,札幌運転所,733系,4000番台,B-4106+4206,4,T,サハ733-4206,733-4034,2025/06/12,,735,733-3,,,t,,t,新千歳空港,小樽,,,,3000/4000番台(快速エアポート),,,,u,,,,,,,,N-TR733
JR北海道,札幌近郊エリア,札幌運転所,733系,4000番台,B-4106+4206,5,M,モハ733-4206,733-4035,2025/06/12,,735,733-2,,＜,m,,m,新千歳空港,小樽,,,,3000/4000番台(快速エアポート),,,,,,N-PS785,,,,,N-DT733,
JR北海道,札幌近郊エリア,札幌運転所,733系,4000番台,B-4106+4206,6,Tc,クハ733-4206,733-4036,2025/06/12,,735,733-4,,,t,,t,新千歳空港,小樽,,,,3000/4000番台(快速エアポート),,,,,,,,,,,,N-TR733
JR北海道,札幌近郊エリア,札幌運転所,733系,4000番台,B-4107+4207,1,Tc,クハ733-4107,733-4037,2025/08/28,,735,733-1,,,t,,t,新千歳空港,小樽,,,,3000/4000番台(快速エアポート),,,,wc,,,,,,,,N-TR733
JR北海道,札幌近郊エリア,札幌運転所,733系,4000番台,B-4107+4207,2,M,モハ733-4107,733-4038,2025/08/28,,735,733-2,,＜,m,,m,新千歳空港,小樽,,,,3000/4000番台(快速エアポート),,,,,,N-PS785,,,,,N-DT733,
JR北海道,札幌近郊エリア,札幌運転所,733系,4000番台,B-4107+4207,3,T,サハ733-4107,733-4039,2025/08/28,,735,733-2,,,t,,t,新千歳空港,小樽,,,,3000/4000番台(快速エアポート),,,,wc,,,,,,,,N-TR733
JR北海道,札幌近郊エリア,札幌運転所,733系,4000番台,B-4107+4207,4,T,サハ733-4207,733-4040,2025/08/28,,735,733-3,,,t,,t,新千歳空港,小樽,,,,3000/4000番台(快速エアポート),,,,u,,,,,,,,N-TR733
JR北海道,札幌近郊エリア,札幌運転所,733系,4000番台,B-4107+4207,5,M,モハ733-4207,733-4041,2025/08/28,,735,733-2,,＜,m,,m,新千歳空港,小樽,,,,3000/4000番台(快速エアポート),,,,,,N-PS785,,,,,N-DT733,
JR北海道,札幌近郊エリア,札幌運転所,733系,4000番台,B-4107+4207,6,Tc,クハ733-4207,733-4042,2025/08/28,,735,733-4,,,t,,t,新千歳空港,小樽,,,,3000/4000番台(快速エアポート),,,,,,,,,,,,N-TR733
JR北海道,札幌近郊エリア,札幌運転所,735系,,A-101,1,Tc,クハ735-101,735-1,2010/03/29,,735,735-1,,,t,,t,苫小牧・滝川,北海道医療大学・小樽,,,,,,,,wc,,,,,,,,N-TR735
JR北海道,札幌近郊エリア,札幌運転所,735系,,A-101,2,M,モハ735-101,735-2,2010/03/29,,735,735-2,,＜,m,,m,苫小牧・滝川,北海道医療大学・小樽,,,,,,,,,,N-PS785,N-MT735,,,,N-DT735,
JR北海道,札幌近郊エリア,札幌運転所,735系,,A-101,3,Tc,クハ735-201,735-3,2010/03/29,,735,735-3,,,t,,t,苫小牧・滝川,北海道医療大学・小樽,,,,,,,,,,,,,,,,N-TR735
JR北海道,札幌近郊エリア,札幌運転所,735系,,A-102,1,Tc,クハ735-102,735-4,2010/03/28,,735,735-1,,,t,,t,苫小牧・滝川,北海道医療大学・小樽,,,,,,,,wc,,,,,,,,N-TR735
JR北海道,札幌近郊エリア,札幌運転所,735系,,A-102,2,M,モハ735-102,735-5,2010/03/28,,735,735-2,,＜,m,,m,苫小牧・滝川,北海道医療大学・小樽,,,,,,,,,,N-PS785,N-MT735,,,,N-DT735,
JR北海道,札幌近郊エリア,札幌運転所,735系,,A-102,3,Tc,クハ735-202,735-6,2010/03/28,,735,735-3,,,t,,t,苫小牧・滝川,北海道医療大学・小樽,,,,,,,,,,,,,,,,N-TR735
JR北海道,札幌近郊エリア,札幌運転所,737系,,C-1,1,Mc,クモハ737-1,737-01,2022/12/01,,737,737,,＜,m,,m,室蘭・旭川,札幌,,,,,,,,,,,,,,,,
JR北海道,札幌近郊エリア,札幌運転所,737系,,C-1,2,Tc,クハ737-1,737-02,2022/12/01,,737,737,,,t,,t,室蘭・旭川,札幌,,,,,,,,wc,,,,,,,,
JR北海道,札幌近郊エリア,札幌運転所,737系,,C-2,1,Mc,クモハ737-2,737-03,2022/12/01,,737,737,,＜,m,,m,室蘭・旭川,札幌,,,,,,,,,,,,,,,,
JR北海道,札幌近郊エリア,札幌運転所,737系,,C-2,2,Tc,クハ737-2,737-04,2022/12/01,,737,737,,,t,,t,室蘭・旭川,札幌,,,,,,,,wc,,,,,,,,
JR北海道,札幌近郊エリア,札幌運転所,737系,,C-3,1,Mc,クモハ737-3,737-05,2023/02/24,,737,737,,＜,m,,m,室蘭・旭川,札幌,,,,,,,,,,,,,,,,
JR北海道,札幌近郊エリア,札幌運転所,737系,,C-3,2,Tc,クハ737-3,737-06,2023/02/24,,737,737,,,t,,t,室蘭・旭川,札幌,,,,,,,,wc,,,,,,,,
JR北海道,札幌近郊エリア,札幌運転所,737系,,C-4,1,Mc,クモハ737-4,737-07,2023/02/24,,737,737,,＜,m,,m,室蘭・旭川,札幌,,,,,,,,,,,,,,,,
JR北海道,札幌近郊エリア,札幌運転所,737系,,C-4,2,Tc,クハ737-4,737-08,2023/02/24,,737,737,,,t,,t,室蘭・旭川,札幌,,,,,,,,wc,,,,,,,,
JR北海道,札幌近郊エリア,札幌運転所,737系,,C-5,1,Mc,クモハ737-5,737-09,2023/02/24,,737,737,,＜,m,,m,室蘭・旭川,札幌,,,,,,,,,,,,,,,,
JR北海道,札幌近郊エリア,札幌運転所,737系,,C-5,2,Tc,クハ737-5,737-10,2023/02/24,,737,737,,,t,,t,室蘭・旭川,札幌,,,,,,,,wc,,,,,,,,
JR北海道,札幌近郊エリア,札幌運転所,737系,,C-6,1,Mc,クモハ737-6,737-11,2023/02/24,,737,737,,＜,m,,m,室蘭・旭川,札幌,,,,,,,,,,,,,,,,
JR北海道,札幌近郊エリア,札幌運転所,737系,,C-6,2,Tc,クハ737-6,737-12,2023/02/24,,737,737,,,t,,t,室蘭・旭川,札幌,,,,,,,,wc,,,,,,,,
JR北海道,札幌近郊エリア,札幌運転所,737系,,C-7,1,Mc,クモハ737-7,737-13,2023/02/24,,737,737,,＜,m,,m,室蘭・旭川,札幌,,,,,,,,,,,,,,,,
JR北海道,札幌近郊エリア,札幌運転所,737系,,C-7,2,Tc,クハ737-7,737-14,2023/02/24,,737,737,,,t,,t,室蘭・旭川,札幌,,,,,,,,wc,,,,,,,,
JR北海道,札幌近郊エリア,札幌運転所,737系,,C-8,1,Mc,クモハ737-8,737-15,2023/05/19,,737,737,,＜,m,,m,室蘭・旭川,札幌,,,,,,,,,,,,,,,,
JR北海道,札幌近郊エリア,札幌運転所,737系,,C-8,2,Tc,クハ737-8,737-16,2023/05/19,,737,737,,,t,,t,室蘭・旭川,札幌,,,,,,,,wc,,,,,,,,
JR北海道,札幌近郊エリア,札幌運転所,737系,,C-9,1,Mc,クモハ737-9,737-17,2023/05/19,,737,737,,＜,m,,m,室蘭・旭川,札幌,,,,,,,,,,,,,,,,
JR北海道,札幌近郊エリア,札幌運転所,737系,,C-9,2,Tc,クハ737-9,737-18,2023/05/19,,737,737,,,t,,t,室蘭・旭川,札幌,,,,,,,,wc,,,,,,,,
JR北海道,札幌近郊エリア,札幌運転所,737系,,C-10,1,Mc,クモハ737-10,737-19,2023/05/19,,737,737,,＜,m,,m,室蘭・旭川,札幌,,,,,,,,,,,,,,,,
JR北海道,札幌近郊エリア,札幌運転所,737系,,C-10,2,Tc,クハ737-10,737-20,2023/05/19,,737,737,,,t,,t,室蘭・旭川,札幌,,,,,,,,wc,,,,,,,,
JR北海道,札幌近郊エリア,札幌運転所,737系,,C-11,1,Mc,クモハ737-11,737-21,2023/05/19,,737,737,,＜,m,,m,室蘭・旭川,札幌,,,,,,,,,,,,,,,,
JR北海道,札幌近郊エリア,札幌運転所,737系,,C-11,2,Tc,クハ737-11,737-22,2023/05/19,,737,737,,,t,,t,室蘭・旭川,札幌,,,,,,,,wc,,,,,,,,
JR北海道,札幌近郊エリア,札幌運転所,737系,,C-12,1,Mc,クモハ737-12,737-23,2023/05/19,,737,737,,＜,m,,m,室蘭・旭川,札幌,,,,,,,,,,,,,,,,
JR北海道,札幌近郊エリア,札幌運転所,737系,,C-12,2,Tc,クハ737-12,737-24,2023/05/19,,737,737,,,t,,t,室蘭・旭川,札幌,,,,,,,,wc,,,,,,,,
JR北海道,札幌近郊エリア,札幌運転所,737系,,C-13,1,Mc,クモハ737-13,737-25,2023/05/19,,737,737,,＜,m,,m,室蘭・旭川,札幌,,,,,,,,,,,,,,,,
JR北海道,札幌近郊エリア,札幌運転所,737系,,C-13,2,Tc,クハ737-13,737-26,2023/05/19,,737,737,,,t,,t,室蘭・旭川,札幌,,,,,,,,wc,,,,,,,,
JR北海道,札幌近郊エリア,苗穂運転所,キハ201系,,D-101,1,Dc,キハ201-101,kh201-01,1996/12/27,,kh201,kh201-1,,,m,,m,岩見沢,北海道医療大学・蘭越,,,,,,,,,,,,,,,N-DT201,
JR北海道,札幌近郊エリア,苗穂運転所,キハ201系,,D-101,2,D,キハ201-201,kh201-02,1996/12/27,,kh201,kh201-2,,,m,,m,岩見沢,北海道医療大学・蘭越,,,,,,,,,,,,,,,N-DT201,
JR北海道,札幌近郊エリア,苗穂運転所,キハ201系,,D-101,3,Dc,キハ201-301,kh201-03,1996/12/27,,kh201,kh201-3,,,m,,m,岩見沢,北海道医療大学・蘭越,,,,,,,,,,,,,,,N-DT201,
JR北海道,札幌近郊エリア,苗穂運転所,キハ201系,,D-102,1,Dc,キハ201-102,kh201-04,1997/01/20,,kh201,kh201-1,,,m,,m,岩見沢,北海道医療大学・蘭越,,,,,,,,,,,,,,,N-DT201,
JR北海道,札幌近郊エリア,苗穂運転所,キハ201系,,D-102,2,D,キハ201-202,kh201-05,1997/01/20,,kh201,kh201-2,,,m,,m,岩見沢,北海道医療大学・蘭越,,,,,,,,,,,,,,,N-DT201,
JR北海道,札幌近郊エリア,苗穂運転所,キハ201系,,D-102,3,Dc,キハ201-302,kh201-06,1997/01/20,,kh201,kh201-3,,,m,,m,岩見沢,北海道医療大学・蘭越,,,,,,,,,,,,,,,N-DT201,
JR北海道,札幌近郊エリア,苗穂運転所,キハ201系,,D-103,1,Dc,キハ201-103,kh201-07,1997/02/03,,kh201,kh201-1,,,m,,m,岩見沢,北海道医療大学・蘭越,,,,,,,,,,,,,,,N-DT201,
JR北海道,札幌近郊エリア,苗穂運転所,キハ201系,,D-103,2,D,キハ201-203,kh201-08,1997/02/03,,kh201,kh201-2,,,m,,m,岩見沢,北海道医療大学・蘭越,,,,,,,,,,,,,,,N-DT201,
JR北海道,札幌近郊エリア,苗穂運転所,キハ201系,,D-103,3,Dc,キハ201-303,kh201-09,1997/02/03,,kh201,kh201-3,,,m,,m,岩見沢,北海道医療大学・蘭越,,,,,,,,,,,,,,,N-DT201,
JR北海道,札幌近郊エリア,苗穂運転所,キハ201系,,D-104,1,Dc,キハ201-104,kh201-10,1997/02/07,,kh201,kh201-1,,,m,,m,岩見沢,北海道医療大学・蘭越,,,,,,,,,,,,,,,N-DT201,
JR北海道,札幌近郊エリア,苗穂運転所,キハ201系,,D-104,2,D,キハ201-204,kh201-11,1997/02/07,,kh201,kh201-2,,,m,,m,岩見沢,北海道医療大学・蘭越,,,,,,,,,,,,,,,N-DT201,
JR北海道,札幌近郊エリア,苗穂運転所,キハ201系,,D-104,3,Dc,キハ201-304,kh201-12,1997/02/07,,kh201,kh201-3,,,m,,m,岩見沢,北海道医療大学・蘭越,,,,,,,,,,,,,,,N-DT201,
JR北海道,はこだてライナー,函館運輸所,733系,1000番台,B-1001,1,Tc,クハ733-1001,733-1001,2015/10/15,,733h,733h-1,,,t,,t,函館,新函館北斗,,,,はこだてライナー,,,,wc,,,,,,,,N-TR733
JR北海道,はこだてライナー,函館運輸所,733系,1000番台,B-1001,2,M,モハ733-1001,733-1002,2015/10/15,,733h,733h-2,,＜,m,,m,函館,新函館北斗,,,,はこだてライナー,,,,,,N-PS785,,,,,N-DT733,
JR北海道,はこだてライナー,函館運輸所,733系,1000番台,B-1001,3,Tc,クハ733-2001,733-1003,2015/10/15,,733h,733h-3,,,t,,t,函館,新函館北斗,,,,はこだてライナー,,,,,,,,,,,,N-TR733
JR北海道,はこだてライナー,函館運輸所,733系,1000番台,B-1002,1,Tc,クハ733-1002,733-1004,2015/10/21,,733h,733h-1,,,t,,t,函館,新函館北斗,,,,はこだてライナー,,,,wc,,,,,,,,N-TR733
JR北海道,はこだてライナー,函館運輸所,733系,1000番台,B-1002,2,M,モハ733-1002,733-1005,2015/10/21,,733h,733h-2,,＜,m,,m,函館,新函館北斗,,,,はこだてライナー,,,,,,N-PS785,,,,,N-DT733,
JR北海道,はこだてライナー,函館運輸所,733系,1000番台,B-1002,3,Tc,クハ733-2002,733-1006,2015/10/21,,733h,733h-3,,,t,,t,函館,新函館北斗,,,,はこだてライナー,,,,,,,,,,,,N-TR733
JR北海道,はこだてライナー,函館運輸所,733系,1000番台,B-1003,1,Tc,クハ733-1003,733-1007,2015/11/03,,733h,733h-1,,,t,,t,函館,新函館北斗,,,,はこだてライナー,,,,wc,,,,,,,,N-TR733
JR北海道,はこだてライナー,函館運輸所,733系,1000番台,B-1003,2,M,モハ733-1003,733-1008,2015/11/03,,733h,733h-2,,＜,m,,m,函館,新函館北斗,,,,はこだてライナー,,,,,,N-PS785,,,,,N-DT733,
JR北海道,はこだてライナー,函館運輸所,733系,1000番台,B-1003,3,Tc,クハ733-2003,733-1009,2015/11/03,,733h,733h-3,,,t,,t,函館,新函館北斗,,,,はこだてライナー,,,,,,,,,,,,N-TR733
JR北海道,はこだてライナー,函館運輸所,733系,1000番台,B-1004,1,Tc,クハ733-1004,733-1010,2015/11/05,,733h,733h-1,,,t,,t,函館,新函館北斗,,,,はこだてライナー,,,,wc,,,,,,,,N-TR733
JR北海道,はこだてライナー,函館運輸所,733系,1000番台,B-1004,2,M,モハ733-1004,733-1011,2015/11/05,,733h,733h-2,,＜,m,,m,函館,新函館北斗,,,,はこだてライナー,,,,,,N-PS785,,,,,N-DT733,
JR北海道,はこだてライナー,函館運輸所,733系,1000番台,B-1004,3,Tc,クハ733-2004,733-1012,2015/11/05,,733h,733h-3,,,t,,t,函館,新函館北斗,,,,はこだてライナー,,,,,,,,,,,,N-TR733