会社名,路線系統,所属基地,形式,番台,編成名,号車,略号,車両番号,車両ID,始,終,見出しアイコン,車体アイコン,左パンタ,右パンタ,左台車,右台車,左方向,右方向,ATACS-ID,編成情報(選択),編成情報(記述),車両情報(選択),車両情報(記述)
JR東日本,仙石線系統,宮城野派出所,205系,3100番台,M1,1,Tc',クハ204-3101,205-0164,2002/10/10,,205-3100,205-3100-1,,,t,t,あおば通,石巻,1,,,,
JR東日本,仙石線系統,宮城野派出所,205系,3100番台,M1,2,M',モハ204-3101,205-0175,2002/10/10,,205-3100,205-3100-2,,,m,m,あおば通,石巻,1,,,,
JR東日本,仙石線系統,宮城野派出所,205系,3100番台,M1,3,M,モハ205-3101,205-0176,2002/10/10,,205-3100,205-3100-2,＞,,m,m,あおば通,石巻,1,,,we,
JR東日本,仙石線系統,宮城野派出所,205系,3100番台,M1,4,Tc,クハ205-3101,205-0838,2002/10/10,,205-3100,205-3100-3,,,t,t,あおば通,石巻,1,,,wc,
JR東日本,仙石線系統,宮城野派出所,205系,3100番台,M2,1,Tc',クハ204-3102,205-0184,2002/10/31,2025/12/11,205-3100,mg21,,,t,t,あおば通,石巻,2,,,,
JR東日本,仙石線系統,宮城野派出所,205系,3100番台,M2,2,M',モハ204-3102,205-0185,2002/10/31,2025/12/11,205-3100,mg22,,,m,m,あおば通,石巻,2,,,,
JR東日本,仙石線系統,宮城野派出所,205系,3100番台,M2,3,M,モハ205-3102,205-0186,2002/10/31,2025/12/11,205-3100,mg23,＞,,m,m,あおば通,石巻,2,,,we,
JR東日本,仙石線系統,宮城野派出所,205系,3100番台,M2,4,Tc,クハ205-3102,205-0167,2002/10/31,2025/12/11,205-3100,mg24,,,t,t,あおば通,石巻,2,,,"wc,s5",
JR東日本,仙石線系統,宮城野派出所,205系,3100番台,M3,1,Tc',クハ204-3103,205-0174,2002/11/9,2026/1/27,205-3100,205-2way-1,,,t,t,あおば通,石巻,3,,,,
JR東日本,仙石線系統,宮城野派出所,205系,3100番台,M3,2,M',モハ204-3103,205-0195,2002/11/9,2026/1/27,205-3100,205-2way-2,,,m,m,あおば通,石巻,3,,,,
JR東日本,仙石線系統,宮城野派出所,205系,3100番台,M3,3,M,モハ205-3103,205-0196,2002/11/9,2026/1/27,205-3100,205-2way-3,＞,,m,m,あおば通,石巻,3,,,we,
JR東日本,仙石線系統,宮城野派出所,205系,3100番台,M3,4,Tc,クハ205-3103,205-0177,2002/11/9,2026/1/27,205-3100,205-2way-4,,,t,t,あおば通,石巻,3,,,"wc,s5",
JR東日本,仙石線系統,宮城野派出所,205系,3100番台,M4,1,Tc',クハ204-3104,205-0204,2002/11/27,2024/4/18,205-3100,205-2way-1,,,t,t,あおば通,石巻,4,,,,
JR東日本,仙石線系統,宮城野派出所,205系,3100番台,M4,2,M',モハ204-3104,205-0205,2002/11/27,2024/4/18,205-3100,205-2way-2,,,m,m,あおば通,石巻,4,,,,
JR東日本,仙石線系統,宮城野派出所,205系,3100番台,M4,3,M,モハ205-3104,205-0206,2002/11/27,2024/4/18,205-3100,205-2way-3,＞,,m,m,あおば通,石巻,4,,,we,
JR東日本,仙石線系統,宮城野派出所,205系,3100番台,M4,4,Tc,クハ205-3104,205-0187,2002/11/27,2024/4/18,205-3100,205-2way-4,,,t,t,あおば通,石巻,4,,,"wc,s5",
JR東日本,仙石線系統,宮城野派出所,205系,3100番台,M5,1,Tc',クハ204-3105,205-0194,2003/12/14,2025/12/18,205-3100,205-2way-1,,,t,t,あおば通,石巻,5,,,,
JR東日本,仙石線系統,宮城野派出所,205系,3100番台,M5,2,M',モハ204-3105,205-0215,2003/12/14,2025/12/18,205-3100,205-2way-2,,,m,m,あおば通,石巻,5,,,,
JR東日本,仙石線系統,宮城野派出所,205系,3100番台,M5,3,M,モハ205-3105,205-0216,2003/12/14,2025/12/18,205-3100,205-2way-3,＞,,m,m,あおば通,石巻,5,,,we,
JR東日本,仙石線系統,宮城野派出所,205系,3100番台,M5,4,Tc,クハ205-3105,205-0197,2003/12/14,2025/12/18,205-3100,205-2way-4,,,t,t,あおば通,石巻,5,,,"wc,s5",
JR東日本,仙石線系統,宮城野派出所,205系,3100番台,M6,1,Tc',クハ204-3106,205-0224,2003/2/2,,205-3100,205-3100-1,,,t,t,あおば通,石巻,6,,,,
JR東日本,仙石線系統,宮城野派出所,205系,3100番台,M6,2,M',モハ204-3106,205-0225,2003/2/2,,205-3100,205-3100-2,,,m,m,あおば通,石巻,6,,,,
JR東日本,仙石線系統,宮城野派出所,205系,3100番台,M6,3,M,モハ205-3106,205-0226,2003/2/2,,205-3100,205-3100-2,＞,,m,m,あおば通,石巻,6,,,we,
JR東日本,仙石線系統,宮城野派出所,205系,3100番台,M6,4,Tc,クハ205-3106,205-0207,2003/2/2,,205-3100,205-3100-3,,,t,t,あおば通,石巻,1,,,wc,
JR東日本,仙石線系統,宮城野派出所,205系,3100番台,M7,1,Tc',クハ204-3107,205-0214,2003/2/10,2014/12/25,205-3100,205-3100-1,,,t,t,あおば通,石巻,7,,,,
JR東日本,仙石線系統,宮城野派出所,205系,3100番台,M7,2,M',モハ204-3107,205-0235,2003/2/10,2014/12/25,205-3100,205-3100-2,,,m,m,あおば通,石巻,7,,,,
JR東日本,仙石線系統,宮城野派出所,205系,3100番台,M7,3,M,モハ205-3107,205-0236,2003/2/10,2014/12/25,205-3100,205-3100-2,＞,,m,m,あおば通,石巻,7,,,we,
JR東日本,仙石線系統,宮城野派出所,205系,3100番台,M7,4,Tc,クハ205-3107,205-0217,2003/2/10,2014/12/25,205-3100,205-3100-3,,,t,t,あおば通,石巻,7,,,wc,
JR東日本,仙石線系統,宮城野派出所,205系,3100番台,M8,1,Tc',クハ204-3108,205-0244,2003/3/18,2025/3/26,205-3100,mg11,,,t,t,あおば通,石巻,8,,,,
JR東日本,仙石線系統,宮城野派出所,205系,3100番台,M8,2,M',モハ204-3108,205-0245,2003/3/18,2025/3/26,205-3100,mg12,,,m,m,あおば通,石巻,8,,,,
JR東日本,仙石線系統,宮城野派出所,205系,3100番台,M8,3,M,モハ205-3108,205-0246,2003/3/18,2025/3/26,205-3100,mg13,＞,,m,m,あおば通,石巻,8,,,we,
JR東日本,仙石線系統,宮城野派出所,205系,3100番台,M8,4,Tc,クハ205-3108,205-0247,2003/3/18,2025/3/26,205-3100,mg14,,,t,t,あおば通,石巻,8,,,"wc,s5",
JR東日本,仙石線系統,宮城野派出所,205系,3100番台,M9,1,Tc',クハ204-3109,205-0855,2003/2/2,2011/3/12,205-3100,205-3100-1,,,t,t,あおば通,石巻,9,,,,
JR東日本,仙石線系統,宮城野派出所,205系,3100番台,M9,2,M',モハ204-3109,205-0255,2003/2/2,2011/3/12,205-3100,205-3100-2,,,m,m,あおば通,石巻,9,,,,
JR東日本,仙石線系統,宮城野派出所,205系,3100番台,M9,3,M,モハ205-3109,205-0256,2003/2/2,2011/3/12,205-3100,205-3100-2,＞,,m,m,あおば通,石巻,9,,,we,
JR東日本,仙石線系統,宮城野派出所,205系,3100番台,M9,4,Tc,クハ205-3109,205-0858,2003/2/2,2011/3/12,205-3100,205-3100-3,,,t,t,あおば通,石巻,9,,,wc,
JR東日本,仙石線系統,宮城野派出所,205系,3100番台,M10,1,Tc',クハ204-3110,205-0264,2003/5/29,2025/11/24,205-3100,205-3100-1,,,t,t,あおば通,石巻,10,,,,
JR東日本,仙石線系統,宮城野派出所,205系,3100番台,M10,2,M',モハ204-3110,205-0265,2003/5/29,2025/11/24,205-3100,205-3100-2,,,m,m,あおば通,石巻,10,,,,
JR東日本,仙石線系統,宮城野派出所,205系,3100番台,M10,3,M,モハ205-3110,205-0266,2003/5/29,2025/11/24,205-3100,205-3100-2,＞,,m,m,あおば通,石巻,10,,,we,
JR東日本,仙石線系統,宮城野派出所,205系,3100番台,M10,4,Tc,クハ205-3110,205-0267,2003/5/29,2025/11/24,205-3100,205-3100-3,,,t,t,あおば通,石巻,10,,,wc,
JR東日本,仙石線系統,宮城野派出所,205系,3100番台,M11,1,Tc',クハ204-3111,205-1059,2003/8/6,2025/12/18,205-3100,205-3100-1,,,t,t,あおば通,石巻,11,,,,
JR東日本,仙石線系統,宮城野派出所,205系,3100番台,M11,2,M',モハ204-3111,205-0275,2003/8/6,2025/12/18,205-3100,205-3100-2,,,m,m,あおば通,石巻,11,,,,
JR東日本,仙石線系統,宮城野派出所,205系,3100番台,M11,3,M,モハ205-3111,205-0276,2003/8/6,2025/12/18,205-3100,205-3100-2,＞,,m,m,あおば通,石巻,11,,,we,
JR東日本,仙石線系統,宮城野派出所,205系,3100番台,M11,4,Tc,クハ205-3111,205-1062,2003/8/6,2025/12/18,205-3100,205-3100-3,,,t,t,あおば通,石巻,11,,,wc,
JR東日本,仙石線系統,宮城野派出所,205系,3100番台,M12,1,Tc',クハ204-3112,205-0845,2003/9/11,,205-3100,205-3100-1,,,t,t,あおば通,石巻,12,,,,
JR東日本,仙石線系統,宮城野派出所,205系,3100番台,M12,2,M',モハ204-3112,205-0285,2003/9/11,,205-3100,205-3100-2,,,m,m,あおば通,石巻,12,,,,
JR東日本,仙石線系統,宮城野派出所,205系,3100番台,M12,3,M,モハ205-3112,205-0286,2003/9/11,,205-3100,205-3100-2,＞,<,m,m,あおば通,石巻,12,,,we,
JR東日本,仙石線系統,宮城野派出所,205系,3100番台,M12,4,Tc,クハ205-3112,205-0848,2003/9/11,,205-3100,205-3100-3,,,t,t,あおば通,石巻,12,,,wc,
JR東日本,仙石線系統,宮城野派出所,205系,3100番台,M13,1,Tc',クハ204-3113,205-0254,2003/8/29,,205-3100,205-3100-1,,,t,t,あおば通,石巻,13,,,,
JR東日本,仙石線系統,宮城野派出所,205系,3100番台,M13,2,M',モハ204-3113,205-0295,2003/8/29,,205-3100,205-3100-2,,,m,m,あおば通,石巻,13,,,,
JR東日本,仙石線系統,宮城野派出所,205系,3100番台,M13,3,M,モハ205-3113,205-0296,2003/8/29,,205-3100,205-3100-2,＞,,m,m,あおば通,石巻,13,,,we,
JR東日本,仙石線系統,宮城野派出所,205系,3100番台,M13,4,Tc,クハ205-3113,205-0257,2003/8/29,,205-3100,205-3100-3,,,t,t,あおば通,石巻,13,,,wc,
JR東日本,仙石線系統,宮城野派出所,205系,3100番台,M14,1,Tc',クハ204-3114,205-0284,2003/11/16,,205-3100,205-3100-1,,,t,t,あおば通,石巻,14,,,,
JR東日本,仙石線系統,宮城野派出所,205系,3100番台,M14,2,M',モハ204-3114,205-0305,2003/11/16,,205-3100,205-3100-2,,,m,m,あおば通,石巻,14,,,,
JR東日本,仙石線系統,宮城野派出所,205系,3100番台,M14,3,M,モハ205-3114,205-0306,2003/11/16,,205-3100,205-3100-2,＞,<,m,m,あおば通,石巻,14,,,we,
JR東日本,仙石線系統,宮城野派出所,205系,3100番台,M14,4,Tc,クハ205-3114,205-0287,2003/11/16,,205-3100,205-3100-3,,,t,t,あおば通,石巻,14,,,wc,
JR東日本,仙石線系統,宮城野派出所,205系,3100番台,M15,1,Tc',クハ204-3115,205-1079,2003/12/11,2025/12/1,205-3100,205-3100-1,,,t,t,あおば通,石巻,15,,,,
JR東日本,仙石線系統,宮城野派出所,205系,3100番台,M15,2,M',モハ204-3115,205-0055,2003/12/11,2025/12/1,205-3100,205-3100-2,,,m,m,あおば通,石巻,15,,,,
JR東日本,仙石線系統,宮城野派出所,205系,3100番台,M15,3,M,モハ205-3115,205-0056,2003/12/11,2025/12/1,205-3100,205-3100-2,＞,,m,m,あおば通,石巻,15,,,we,
JR東日本,仙石線系統,宮城野派出所,205系,3100番台,M15,4,Tc,クハ205-3115,205-1082,2003/12/11,2025/12/1,205-3100,205-3100-3,,,t,t,あおば通,石巻,15,,,wc,
JR東日本,仙石線系統,宮城野派出所,205系,3100番台,M16,1,Tc',クハ204-3116,205-0865,2004/3/29,,205-3100,205-3100-1,,,t,t,あおば通,石巻,16,,,,
JR東日本,仙石線系統,宮城野派出所,205系,3100番台,M16,2,M',モハ204-3116,205-0065,2004/3/29,,205-3100,205-3100-2,,,m,m,あおば通,石巻,16,,,,
JR東日本,仙石線系統,宮城野派出所,205系,3100番台,M16,3,M,モハ205-3116,205-0066,2004/3/29,,205-3100,205-3100-2,＞,<,m,m,あおば通,石巻,16,,,we,
JR東日本,仙石線系統,宮城野派出所,205系,3100番台,M16,4,Tc,クハ205-3116,205-0868,2004/3/29,,205-3100,205-3100-3,,,t,t,あおば通,石巻,16,,,wc,
JR東日本,仙石線系統,宮城野派出所,205系,3100番台,M17,1,Tc',クハ204-3117,205-0094,2004/3/31,2026/2/11,205-3100,205-3100-1,,,t,t,あおば通,石巻,17,,,,
JR東日本,仙石線系統,宮城野派出所,205系,3100番台,M17,2,M',モハ204-3117,205-0095,2004/3/31,2026/2/11,205-3100,205-3100-2,,,m,m,あおば通,石巻,17,,,,
JR東日本,仙石線系統,宮城野派出所,205系,3100番台,M17,3,M,モハ205-3117,205-0096,2004/3/31,2026/2/11,205-3100,205-3100-2,＞,,m,m,あおば通,石巻,17,,,we,
JR東日本,仙石線系統,宮城野派出所,205系,3100番台,M17,4,Tc,クハ205-3117,205-0097,2004/3/31,2026/2/11,205-3100,205-3100-3,,,t,t,あおば通,石巻,17,,,wc,
JR東日本,仙石線系統,宮城野派出所,205系,3100番台,M18,1,Tc',クハ204-3118,205-1069,2004/6/24,,205-3100,205-3100-1,,,t,t,あおば通,石巻,18,,,,
JR東日本,仙石線系統,宮城野派出所,205系,3100番台,M18,2,M',モハ204-3118,205-0045,2004/6/24,,205-3100,205-3100-2,,,m,m,あおば通,石巻,18,,,,
JR東日本,仙石線系統,宮城野派出所,205系,3100番台,M18,3,M,モハ205-3118,205-0046,2004/6/24,,205-3100,205-3100-2,＞,<,m,m,あおば通,石巻,18,,,we,
JR東日本,仙石線系統,宮城野派出所,205系,3100番台,M18,4,Tc,クハ205-3118,205-1072,2004/6/24,,205-3100,205-3100-3,,,t,t,あおば通,石巻,18,,,wc,
JR東日本,仙石線系統,宮城野派出所,205系,3100番台,M19,1,Tc',クハ204-3119,205-0064,2009/10/20,2026/1/27,205-3100,205-3100-1,,,t,t,あおば通,石巻,19,,,,
JR東日本,仙石線系統,宮城野派出所,205系,3100番台,M19,2,M',モハ204-3119,205-0068,2009/10/20,2026/1/27,205-3100,205-3100-2,,,m,m,あおば通,石巻,19,,,,
JR東日本,仙石線系統,宮城野派出所,205系,3100番台,M19,3,M,モハ205-3119,205-0069,2009/10/20,2026/1/27,205-3100,205-3100-2,＞,<,m,m,あおば通,石巻,19,,,we,
JR東日本,仙石線系統,宮城野派出所,205系,3100番台,M19,4,Tc,クハ205-3119,205-0067,2009/10/20,2026/1/27,205-3100,205-3100-3,,,t,t,あおば通,石巻,19,,,wc,
JR東日本,仙石線系統,宮城野派出所,E131系,800番台,N1,1,Tc',クハE130-801,e131-801,2025/4/11,,e131-800,e131-800-1,,,t,t,あおば通,石巻,151,om,,,
JR東日本,仙石線系統,宮城野派出所,E131系,800番台,N1,2,M',モハE130-801,e131-802,2025/4/11,,e131-800,e131-800-2,＜,,m,m,あおば通,石巻,151,om,,,
JR東日本,仙石線系統,宮城野派出所,E131系,800番台,N1,3,T,サハE131-801,e131-803,2025/4/11,,e131-800,e131-800-2,,,t,t,あおば通,石巻,151,om,,we,
JR東日本,仙石線系統,宮城野派出所,E131系,800番台,N1,4,Mc,クモハE131-801,e131-804,2025/4/11,,e131-800,e131-800-3,＜,,m,m,あおば通,石巻,151,om,,wc,
JR東日本,仙石線系統,宮城野派出所,E131系,800番台,N2,1,Tc',クハE130-802,e131-805,2025/10/1,,e131-800,e131-800-1,,,t,t,あおば通,石巻,152,om,,,
JR東日本,仙石線系統,宮城野派出所,E131系,800番台,N2,2,M',モハE130-802,e131-806,2025/10/1,,e131-800,e131-800-2,＜,,m,m,あおば通,石巻,152,om,,,
JR東日本,仙石線系統,宮城野派出所,E131系,800番台,N2,3,T,サハE131-802,e131-807,2025/10/1,,e131-800,e131-800-2,,,t,t,あおば通,石巻,152,om,,we,
JR東日本,仙石線系統,宮城野派出所,E131系,800番台,N2,4,Mc,クモハE131-802,e131-808,2025/10/1,,e131-800,e131-800-3,＜,,m,m,あおば通,石巻,152,om,,wc,
JR東日本,仙石線系統,宮城野派出所,E131系,800番台,N3,1,Tc',クハE130-803,e131-809,2025/10/9,,e131-800,e131-800-1,,,t,t,あおば通,石巻,153,om,,,
JR東日本,仙石線系統,宮城野派出所,E131系,800番台,N3,2,M',モハE130-803,e131-810,2025/10/9,,e131-800,e131-800-2,＜,,m,m,あおば通,石巻,153,om,,,
JR東日本,仙石線系統,宮城野派出所,E131系,800番台,N3,3,T,サハE131-803,e131-811,2025/10/9,,e131-800,e131-800-2,,,t,t,あおば通,石巻,153,om,,we,
JR東日本,仙石線系統,宮城野派出所,E131系,800番台,N3,4,Mc,クモハE131-803,e131-812,2025/10/9,,e131-800,e131-800-3,＜,,m,m,あおば通,石巻,153,om,,wc,
JR東日本,仙石線系統,宮城野派出所,E131系,800番台,N4,1,Tc',クハE130-804,e131-813,2025/11/4,,e131-800,e131-800-1,,,t,t,あおば通,石巻,154,om,,,
JR東日本,仙石線系統,宮城野派出所,E131系,800番台,N4,2,M',モハE130-804,e131-814,2025/11/4,,e131-800,e131-800-2,＜,,m,m,あおば通,石巻,154,om,,,
JR東日本,仙石線系統,宮城野派出所,E131系,800番台,N4,3,T,サハE131-804,e131-815,2025/11/4,,e131-800,e131-800-2,,,t,t,あおば通,石巻,154,om,,we,
JR東日本,仙石線系統,宮城野派出所,E131系,800番台,N4,4,Mc,クモハE131-804,e131-816,2025/11/4,,e131-800,e131-800-3,＜,,m,m,あおば通,石巻,154,om,,wc,
JR東日本,仙石線系統,宮城野派出所,E131系,800番台,N5,1,Tc',クハE130-805,e131-817,2025/11/17,,e131-800,e131-800-1,,,t,t,あおば通,石巻,155,om,,,
JR東日本,仙石線系統,宮城野派出所,E131系,800番台,N5,2,M',モハE130-805,e131-818,2025/11/17,,e131-800,e131-800-2,＜,,m,m,あおば通,石巻,155,om,,,
JR東日本,仙石線系統,宮城野派出所,E131系,800番台,N5,3,T,サハE131-805,e131-819,2025/11/17,,e131-800,e131-800-2,,,t,t,あおば通,石巻,155,om,,we,
JR東日本,仙石線系統,宮城野派出所,E131系,800番台,N5,4,Mc,クモハE131-805,e131-820,2025/11/17,,e131-800,e131-800-3,＜,,m,m,あおば通,石巻,155,om,,wc,
JR東日本,仙石線系統,宮城野派出所,E131系,800番台,N6,1,Tc',クハE130-806,e131-821,2025/12/1,,e131-800,e131-800-1,,,t,t,あおば通,石巻,156,om,,,
JR東日本,仙石線系統,宮城野派出所,E131系,800番台,N6,2,M',モハE130-806,e131-822,2025/12/1,,e131-800,e131-800-2,＜,,m,m,あおば通,石巻,156,om,,,
JR東日本,仙石線系統,宮城野派出所,E131系,800番台,N6,3,T,サハE131-806,e131-823,2025/12/1,,e131-800,e131-800-2,,,t,t,あおば通,石巻,156,om,,we,
JR東日本,仙石線系統,宮城野派出所,E131系,800番台,N6,4,Mc,クモハE131-806,e131-824,2025/12/1,,e131-800,e131-800-3,＜,,m,m,あおば通,石巻,156,om,,wc,
JR東日本,仙石線系統,宮城野派出所,E131系,800番台,N7,1,Tc',クハE130-807,e131-825,2025/12/4,,e131-800,e131-800-1,,,t,t,あおば通,石巻,157,om,,,
JR東日本,仙石線系統,宮城野派出所,E131系,800番台,N7,2,M',モハE130-807,e131-826,2025/12/4,,e131-800,e131-800-2,＜,,m,m,あおば通,石巻,157,om,,,
JR東日本,仙石線系統,宮城野派出所,E131系,800番台,N7,3,T,サハE131-807,e131-827,2025/12/4,,e131-800,e131-800-2,,,t,t,あおば通,石巻,157,om,,we,
JR東日本,仙石線系統,宮城野派出所,E131系,800番台,N7,4,Mc,クモハE131-807,e131-828,2025/12/4,,e131-800,e131-800-3,＜,,m,m,あおば通,石巻,157,om,,wc,
JR東日本,仙石線系統,宮城野派出所,E131系,800番台,N8,1,Tc',クハE130-808,e131-829,2025/12/9,,e131-800,e131-800-1,,,t,t,あおば通,石巻,158,om,,,
JR東日本,仙石線系統,宮城野派出所,E131系,800番台,N8,2,M',モハE130-808,e131-830,2025/12/9,,e131-800,e131-800-2,＜,,m,m,あおば通,石巻,158,om,,,
JR東日本,仙石線系統,宮城野派出所,E131系,800番台,N8,3,T,サハE131-808,e131-831,2025/12/9,,e131-800,e131-800-2,,,t,t,あおば通,石巻,158,om,,we,
JR東日本,仙石線系統,宮城野派出所,E131系,800番台,N8,4,Mc,クモハE131-808,e131-832,2025/12/9,,e131-800,e131-800-3,＜,,m,m,あおば通,石巻,158,om,,wc,
JR東日本,仙石線系統,宮城野派出所,E131系,800番台,N9,1,Tc',クハE130-809,e131-833,2025/12/15,,e131-800,e131-800-1,,,t,t,あおば通,石巻,159,om,,,
JR東日本,仙石線系統,宮城野派出所,E131系,800番台,N9,2,M',モハE130-809,e131-834,2025/12/15,,e131-800,e131-800-2,＜,,m,m,あおば通,石巻,159,om,,,
JR東日本,仙石線系統,宮城野派出所,E131系,800番台,N9,3,T,サハE131-809,e131-835,2025/12/15,,e131-800,e131-800-2,,,t,t,あおば通,石巻,159,om,,we,
JR東日本,仙石線系統,宮城野派出所,E131系,800番台,N9,4,Mc,クモハE131-809,e131-836,2025/12/15,,e131-800,e131-800-3,＜,,m,m,あおば通,石巻,159,om,,wc,
JR東日本,仙石線系統,宮城野派出所,E131系,800番台,N10,1,Tc',クハE130-810,e131-837,2025/12/23,,e131-800,e131-800-1,,,t,t,あおば通,石巻,160,om,,,
JR東日本,仙石線系統,宮城野派出所,E131系,800番台,N10,2,M',モハE130-810,e131-838,2025/12/23,,e131-800,e131-800-2,＜,,m,m,あおば通,石巻,160,om,,,
JR東日本,仙石線系統,宮城野派出所,E131系,800番台,N10,3,T,サハE131-810,e131-839,2025/12/23,,e131-800,e131-800-2,,,t,t,あおば通,石巻,160,om,,we,
JR東日本,仙石線系統,宮城野派出所,E131系,800番台,N10,4,Mc,クモハE131-810,e131-840,2025/12/23,,e131-800,e131-800-3,＜,,m,m,あおば通,石巻,160,om,,wc,
JR東日本,仙石線系統,宮城野派出所,E131系,800番台,N11,1,Tc',クハE130-811,e131-841,2026/1/7,,e131-800,e131-800-1,,,t,t,あおば通,石巻,161,om,,,
JR東日本,仙石線系統,宮城野派出所,E131系,800番台,N11,2,M',モハE130-811,e131-842,2026/1/7,,e131-800,e131-800-2,＜,,m,m,あおば通,石巻,161,om,,,
JR東日本,仙石線系統,宮城野派出所,E131系,800番台,N11,3,T,サハE131-811,e131-843,2026/1/7,,e131-800,e131-800-2,,,t,t,あおば通,石巻,161,om,,we,
JR東日本,仙石線系統,宮城野派出所,E131系,800番台,N11,4,Mc,クモハE131-811,e131-844,2026/1/7,,e131-800,e131-800-3,＜,,m,m,あおば通,石巻,161,om,,wc,
JR東日本,仙石線系統,宮城野派出所,E131系,800番台,N12,1,Tc',クハE130-812,e131-845,2026/1/15,,e131-800,e131-800-1,,,t,t,あおば通,石巻,162,om,,,
JR東日本,仙石線系統,宮城野派出所,E131系,800番台,N12,2,M',モハE130-812,e131-846,2026/1/15,,e131-800,e131-800-2,＜,,m,m,あおば通,石巻,162,om,,,
JR東日本,仙石線系統,宮城野派出所,E131系,800番台,N12,3,T,サハE131-812,e131-847,2026/1/15,,e131-800,e131-800-2,,,t,t,あおば通,石巻,162,om,,we,
JR東日本,仙石線系統,宮城野派出所,E131系,800番台,N12,4,Mc,クモハE131-812,e131-848,2026/1/15,,e131-800,e131-800-3,＜,,m,m,あおば通,石巻,162,om,,wc,
JR東日本,仙石線系統,宮城野派出所,E131系,880番台,N13,1,Tc',クハE130-881,e131-849,2026/1/26,,e131-800,e131-800-1,,,t,t,あおば通,石巻,163,om,,mo,
JR東日本,仙石線系統,宮城野派出所,E131系,880番台,N13,2,M',モハE130-813,e131-850,2026/1/26,,e131-800,e131-800-2,＜,,m,m,あおば通,石巻,163,om,,,
JR東日本,仙石線系統,宮城野派出所,E131系,880番台,N13,3,T,サハE131-881,e131-851,2026/1/26,,e131-800,e131-800-2,,,t,t,あおば通,石巻,163,om,,"we,mo",
JR東日本,仙石線系統,宮城野派出所,E131系,880番台,N13,4,Mc,クモハE131-813,e131-852,2026/1/26,,e131-800,e131-800-3,＜,,m,m,あおば通,石巻,163,om,,wc,
JR東日本,仙石線系統,宮城野派出所,E131系,880番台,N14,1,Tc',クハE130-882,e131-853,,,e131-800,e131-800-1,,,t,t,あおば通,石巻,164,om,,mo,
JR東日本,仙石線系統,宮城野派出所,E131系,880番台,N14,2,M',モハE130-814,e131-854,,,e131-800,e131-800-2,＜,,m,m,あおば通,石巻,164,om,,,
JR東日本,仙石線系統,宮城野派出所,E131系,880番台,N14,3,T,サハE131-882,e131-855,,,e131-800,e131-800-2,,,t,t,あおば通,石巻,164,om,,"we,mo",
JR東日本,仙石線系統,宮城野派出所,E131系,880番台,N14,4,Mc,クモハE131-814,e131-856,,,e131-800,e131-800-3,＜,,m,m,あおば通,石巻,164,om,,wc,
JR東日本,仙石線系統,小牛田派出所,HB-E210系,,C-1,1,Mc,HB-E211-1,hbe210-01,2015/1/16,,hbe210,mgkaze1,,,m,t,仙台,石巻,,,,wc,
JR東日本,仙石線系統,小牛田派出所,HB-E210系,,C-1,2,Mc',HB-E212-1,hbe210-02,2015/1/16,,hbe210,mgkaze2,,,m,t,仙台,石巻,,,,,
JR東日本,仙石線系統,小牛田派出所,HB-E210系,,C-2,1,Mc,HB-E211-2,hbe210-03,2015/1/16,,hbe210,mgyume1,,,m,t,仙台,石巻,,,,wc,
JR東日本,仙石線系統,小牛田派出所,HB-E210系,,C-2,2,Mc',HB-E212-2,hbe210-04,2015/1/16,,hbe210,mgyume2,,,m,t,仙台,石巻,,,,,
JR東日本,仙石線系統,小牛田派出所,HB-E210系,,C-3,1,Mc,HB-E211-3,hbe210-05,2015/2/13,,hbe210,hbe210-1,,,m,t,仙台,石巻,,,,wc,
JR東日本,仙石線系統,小牛田派出所,HB-E210系,,C-3,2,Mc',HB-E212-3,hbe210-06,2015/2/13,,hbe210,hbe210-2,,,m,t,仙台,石巻,,,,,
JR東日本,仙石線系統,小牛田派出所,HB-E210系,,C-4,1,Mc,HB-E211-4,hbe210-07,2015/2/13,,hbe210,hbe210-1,,,m,t,仙台,石巻,,,,wc,
JR東日本,仙石線系統,小牛田派出所,HB-E210系,,C-4,2,Mc',HB-E212-4,hbe210-08,2015/2/13,,hbe210,hbe210-2,,,m,t,仙台,石巻,,,,,
JR東日本,仙石線系統,小牛田派出所,HB-E210系,,C-5,1,Mc,HB-E211-5,hbe210-09,2015/3/6,,hbe210,hbe210-1,,,m,t,仙台,石巻,,,,wc,
JR東日本,仙石線系統,小牛田派出所,HB-E210系,,C-5,2,Mc',HB-E212-5,hbe210-10,2015/3/6,,hbe210,hbe210-2,,,m,t,仙台,石巻,,,,,
JR東日本,仙石線系統,小牛田派出所,HB-E210系,,C-6,1,Mc,HB-E211-6,hbe210-11,2015/3/6,,hbe210,hbe210-1,,,m,t,仙台,石巻,,,,wc,
JR東日本,仙石線系統,小牛田派出所,HB-E210系,,C-6,2,Mc',HB-E212-6,hbe210-12,2015/3/6,,hbe210,hbe210-2,,,m,t,仙台,石巻,,,,,
JR東日本,仙石線系統,小牛田派出所,HB-E210系,,C-7,1,Mc,HB-E211-7,hbe210-13,2015/3/7,,hbe210,hbe210-1,,,m,t,仙台,石巻,,,,wc,
JR東日本,仙石線系統,小牛田派出所,HB-E210系,,C-7,2,Mc',HB-E212-7,hbe210-14,2015/3/7,,hbe210,hbe210-2,,,m,t,仙台,石巻,,,,,
JR東日本,仙石線系統,小牛田派出所,HB-E210系,,C-8,1,Mc,HB-E211-8,hbe210-15,2015/3/7,,hbe210,hbe210-1,,,m,t,仙台,石巻,,,,wc,
JR東日本,仙石線系統,小牛田派出所,HB-E210系,,C-8,2,Mc',HB-E212-8,hbe210-16,2015/3/7,,hbe210,hbe210-2,,,m,t,仙台,石巻,,,,,
JR東日本,只見線系統,会津若松派出所,キハ110,100番台,135,,Dc,キハ110-135,kh110-135,2022/3/12,,110,tarako,,,m,t,,,,om,,wc,
JR東日本,只見線系統,会津若松派出所,キハ110,200番台,214,,Dc,キハ110-214,kh110-214,2022/10/1,,110,110-0,,,m,t,,,,om,,wc,
JR東日本,只見線系統,会津若松派出所,キハ110,200番台,223,,Dc,キハ110-223,kh110-301,2022/11/5,,110,40th-0,,,m,t,,,,om,,wc,
JR東日本,只見線系統,会津若松派出所,キハ110,200番台,224,,Dc,キハ110-224,kh110-302,2022/10/1,,110,110-0,,,m,t,,,,om,,wc,
JR東日本,只見線系統,会津若松派出所,キハE120,,1,,Dc,キハE120-1,khe120-1,2019/12/11,,e120td,e120-1,,,m,t,,,,om,,wc,
JR東日本,只見線系統,会津若松派出所,キハE120,,2,,Dc,キハE120-2,khe120-2,2019/12/21,,e120td,e120-2,,,m,t,,,,om,,wc,
JR東日本,只見線系統,会津若松派出所,キハE120,,3,,Dc,キハE120-3,khe120-3,2020/3/14,,e120td,e120-1,,,m,t,,,,om,,wc,
JR東日本,只見線系統,会津若松派出所,キハE120,,4,,Dc,キハE120-4,khe120-4,2020/3/14,,e120td,e120-1,,,m,t,,,,om,,wc,
JR東日本,只見線系統,会津若松派出所,キハE120,,5,,Dc,キハE120-5,khe120-5,2020/3/14,,e120td,e120-1,,,m,t,,,,om,,wc,
JR東日本,只見線系統,会津若松派出所,キハE120,,6,,Dc,キハE120-6,khe120-6,2020/3/14,,e120td,e120-1,,,m,t,,,,om,,wc,
JR東日本,只見線系統,会津若松派出所,キハE120,,7,,Dc,キハE120-7,khe120-7,2019/12/28,,e120td,e120-1,,,m,t,,,,om,,wc,
JR東日本,只見線系統,会津若松派出所,キハE120,,8,,Dc,キハE120-8,khe120-8,2019/12/13,,e120td,e120-1,,,m,t,,,,om,,wc,
JR東日本,新潟地区,新津運輸区,キハE120,,1,,Dc,キハE120-1,khe120-1,2008/5/29,2019/12/11,e120ng,e120-0,,,m,t,,,,,,wc,
JR東日本,新潟地区,新津運輸区,キハE120,,2,,Dc,キハE120-2,khe120-2,2008/5/29,2019/12/21,e120ng,e120-0,,,m,t,,,,,,wc,
JR東日本,新潟地区,新津運輸区,キハE120,,3,,Dc,キハE120-3,khe120-3,2008/5/29,2020/3/14,e120ng,e120-0,,,m,t,,,,,,wc,
JR東日本,新潟地区,新津運輸区,キハE120,,4,,Dc,キハE120-4,khe120-4,2008/5/29,2020/3/14,e120ng,e120-0,,,m,t,,,,,,wc,
JR東日本,新潟地区,新津運輸区,キハE120,,5,,Dc,キハE120-5,khe120-5,2008/5/30,2020/3/14,e120ng,e120-0,,,m,t,,,,,,wc,
JR東日本,新潟地区,新津運輸区,キハE120,,6,,Dc,キハE120-6,khe120-6,2008/5/30,2020/3/14,e120ng,e120-0,,,m,t,,,,,,wc,
JR東日本,新潟地区,新津運輸区,キハE120,,7,,Dc,キハE120-7,khe120-7,2008/5/30,2019/12/28,e120ng,e120-0,,,m,t,,,,,,wc,
JR東日本,新潟地区,新津運輸区,キハE120,,8,,Dc,キハE120-8,khe120-8,2008/5/30,2019/12/13,e120ng,e120-0,,,m,t,,,,,,wc,
JR東日本,埼京線系統,川越車両センター,209系,3000番台,ﾊｴ61,1,Tc',クハ208-3001,209-3001,1996/1/12,2020/2/7,209-3000,209-3000-1,,,t,t,八王子,川越,,,,,
JR東日本,埼京線系統,川越車両センター,209系,3000番台,ﾊｴ61,2,M',モハ208-3001,209-3002,1996/1/12,2020/2/7,209-3000,209-3000-2,,,m,m,八王子,川越,,,,,
JR東日本,埼京線系統,川越車両センター,209系,3000番台,ﾊｴ61,3,M,モハ209-3001,209-3003,1996/1/12,2020/2/7,209-3000,209-3000-2,◇,,m,m,八王子,川越,,,,,
JR東日本,埼京線系統,川越車両センター,209系,3000番台,ﾊｴ61,4,Tc,クハ209-3001,209-3004,1996/1/12,2020/2/7,209-3000,209-3000-3,,,t,t,八王子,川越,,,,,
JR東日本,埼京線系統,川越車両センター,209系,3000番台,ﾊｴ62,1,Tc',クハ208-3002,209-3005,1996/1/24,2018/8/28,209-3000,209-3000-1,,,t,t,八王子,川越,,,,,
JR東日本,埼京線系統,川越車両センター,209系,3000番台,ﾊｴ62,2,M',モハ208-3002,209-3006,1996/1/24,2018/8/28,209-3000,209-3000-2,,,m,m,八王子,川越,,,,,
JR東日本,埼京線系統,川越車両センター,209系,3000番台,ﾊｴ62,3,M,モハ209-3002,209-3007,1996/1/24,2018/8/28,209-3000,209-3000-2,◇,,m,m,八王子,川越,,,,,
JR東日本,埼京線系統,川越車両センター,209系,3000番台,ﾊｴ62,4,Tc,クハ209-3002,209-3008,1996/1/24,2018/8/28,209-3000,209-3000-3,,,t,t,八王子,川越,,,,,
JR東日本,埼京線系統,川越車両センター,209系,3000番台,ﾊｴ63,1,Tc',クハ208-3003,209-3009,1996/2/8,2020/3/5,209-3000,209-3000-1,,,t,t,八王子,川越,,,,,
JR東日本,埼京線系統,川越車両センター,209系,3000番台,ﾊｴ63,2,M',モハ208-3003,209-3010,1996/2/8,2020/3/5,209-3000,209-3000-2,,,m,m,八王子,川越,,,,,
JR東日本,埼京線系統,川越車両センター,209系,3000番台,ﾊｴ63,3,M,モハ209-3003,209-3011,1996/2/8,2020/3/5,209-3000,209-3000-2,◇,,m,m,八王子,川越,,,,,
JR東日本,埼京線系統,川越車両センター,209系,3000番台,ﾊｴ63,4,Tc,クハ209-3003,209-3012,1996/2/8,2020/3/5,209-3000,209-3000-3,,,t,t,八王子,川越,,,,,
JR東日本,埼京線系統,川越車両センター,209系,3000番台,ﾊｴ64,1,Tc',クハ208-3004,209-3013,1996/2/24,2020/4/2,209-3000,209-3000-1,,,t,t,八王子,川越,,,,,
JR東日本,埼京線系統,川越車両センター,209系,3000番台,ﾊｴ64,2,M',モハ208-3004,209-3014,1996/2/24,2020/4/2,209-3000,209-3000-2,,,m,m,八王子,川越,,,,,
JR東日本,埼京線系統,川越車両センター,209系,3000番台,ﾊｴ64,3,M,モハ209-3004,209-3015,1996/2/24,2020/4/2,209-3000,209-3000-2,◇,,m,m,八王子,川越,,,,,
JR東日本,埼京線系統,川越車両センター,209系,3000番台,ﾊｴ64,4,Tc,クハ209-3004,209-3016,1996/2/24,2020/4/2,209-3000,209-3000-3,,,t,t,八王子,川越,,,,,
JR東日本,埼京線系統,川越車両センター,209系,3100番台,ﾊｴ71,1,Tc',クハ208-3101,70-05,2005/3/15,2022/5/31,209-3100,209-3000-1,,,t,t,八王子,川越,,,,,
JR東日本,埼京線系統,川越車両センター,209系,3100番台,ﾊｴ71,2,M',モハ208-3101,209-3101,2005/3/15,2022/5/31,209-3100,209-3000-2,,,m,m,八王子,川越,,,,,
JR東日本,埼京線系統,川越車両センター,209系,3100番台,ﾊｴ71,3,M,モハ209-3101,209-3102,2005/3/15,2022/5/31,209-3100,209-3000-2,◇,,m,m,八王子,川越,,,,,
JR東日本,埼京線系統,川越車両センター,209系,3100番台,ﾊｴ71,4,Tc,クハ209-3101,70-08,2005/3/15,2022/5/31,209-3100,209-3000-3,,,t,t,八王子,川越,,,,,
JR東日本,埼京線系統,川越車両センター,209系,3100番台,ﾊｴ72,1,Tc',クハ208-3102,70-09,2005/3/29,2022/5/20,209-3100,209-3000-1,,,t,t,八王子,川越,,,,,
JR東日本,埼京線系統,川越車両センター,209系,3100番台,ﾊｴ72,2,M',モハ208-3102,70-47,2005/3/29,2022/5/20,209-3100,209-3000-2,,,m,m,八王子,川越,,,,,
JR東日本,埼京線系統,川越車両センター,209系,3100番台,ﾊｴ72,3,M,モハ209-3102,70-48,2005/3/29,2022/5/20,209-3100,209-3000-2,◇,,m,m,八王子,川越,,,,,
JR東日本,埼京線系統,川越車両センター,209系,3100番台,ﾊｴ72,4,Tc,クハ209-3102,70-12,2005/3/29,2022/5/20,209-3100,209-3000-3,,,t,t,八王子,川越,,,,,
JR東日本,埼京線系統,川越車両センター,209系,0番台,Mue,1,Tc',クヤ208-2,209-0011,2008/7/1,2009/12/14,mue,mue-1,,,t,t,川越,大宮,,,,,
JR東日本,埼京線系統,川越車両センター,209系,0番台,Mue,2,M',モヤ208-4,209-0012,2008/7/1,2009/12/14,mue,mue-2,,,m,m,川越,大宮,,,,,
JR東日本,埼京線系統,川越車両センター,209系,0番台,Mue,3,M,モヤ209-4,209-0013,2008/7/1,2009/12/14,mue,mue-2,＜,,m,m,川越,大宮,,,,,
JR東日本,埼京線系統,川越車両センター,209系,0番台,Mue,4,T,サヤ209-8,209-0014,2008/7/1,2009/12/14,mue,mue-2,,,t,t,川越,大宮,,,,,
JR東日本,埼京線系統,川越車両センター,209系,0番台,Mue,5,M',モヤ208-3,209-0017,2008/7/1,2009/12/14,mue,mue-2,,,m,m,川越,大宮,,,,,
JR東日本,埼京線系統,川越車両センター,209系,0番台,Mue,6,M,モヤ209-3,209-0018,2008/7/1,2009/12/14,mue,mue-2,＜,,m,m,川越,大宮,,,,,
JR東日本,埼京線系統,川越車両センター,209系,0番台,Mue,7,Tc,クヤ209-2,209-0020,2008/7/1,2009/12/14,mue,mue-3,,,t,t,川越,大宮,,,,,
JR東日本,埼京線系統,川越車両センター,209系,0番台,Mue,1,Tc',クヤ208-2,209-0011,2010/9/16,,mue,mue-1,,,t,t,川越,大宮,,,,,
JR東日本,埼京線系統,川越車両センター,209系,0番台,Mue,2,M',モヤ208-4,209-0012,2010/9/16,,mue,mue-2,,,m,m,川越,大宮,,,,,
JR東日本,埼京線系統,川越車両センター,209系,0番台,Mue,3,M,モヤ209-4,209-0013,2010/9/16,,mue,mue-2,＜,,m,m,川越,大宮,,,,,
JR東日本,埼京線系統,川越車両センター,209系,0番台,Mue,4,M',モヤ208-3,209-0017,2010/9/16,,mue,mue-2,,,m,m,川越,大宮,,,,,
JR東日本,埼京線系統,川越車両センター,209系,0番台,Mue,5,M,モヤ209-3,209-0018,2010/9/16,,mue,mue-2,＜,,m,m,川越,大宮,,,,,
JR東日本,埼京線系統,川越車両センター,209系,0番台,Mue,6,Tc,クヤ209-2,209-0020,2010/9/16,,mue,mue-3,,,t,t,川越,大宮,,,,,
東京臨海高速鉄道,埼京線系統,東臨運輸区,70-000形,,Z1,1,Tc',70-019,70-01,1995/11/22,2002/9/19,twr70,twr70-1,,,t,t,東京テレポート,新木場,,,,,
東京臨海高速鉄道,埼京線系統,東臨運輸区,70-000形,,Z1,2,M',70-012,70-02,1995/11/22,2002/9/19,twr70,twr70-2,,,m,m,東京テレポート,新木場,,,,,
東京臨海高速鉄道,埼京線系統,東臨運輸区,70-000形,,Z1,3,M,70-011,70-03,1995/11/22,2002/9/19,twr70,twr70-2,◇,◇,m,m,東京テレポート,新木場,,,,,
東京臨海高速鉄道,埼京線系統,東臨運輸区,70-000形,,Z1,4,Tc,70-010,70-04,1995/11/22,2002/9/19,twr70,twr70-3,,,t,t,東京テレポート,新木場,,,,,
東京臨海高速鉄道,埼京線系統,東臨運輸区,70-000形,,Z2,1,Tc',70-029,70-05,1995/12/6,2002/10/4,twr70,twr70-1,,,t,t,東京テレポート,新木場,,,,,
東京臨海高速鉄道,埼京線系統,東臨運輸区,70-000形,,Z2,2,M',70-022,70-06,1995/12/6,2002/10/4,twr70,twr70-2,,,m,m,東京テレポート,新木場,,,,,
東京臨海高速鉄道,埼京線系統,東臨運輸区,70-000形,,Z2,3,M,70-021,70-07,1995/12/6,2002/10/4,twr70,twr70-2,◇,◇,m,m,東京テレポート,新木場,,,,,
東京臨海高速鉄道,埼京線系統,東臨運輸区,70-000形,,Z2,4,Tc,70-020,70-08,1995/12/6,2002/10/4,twr70,twr70-3,,,t,t,東京テレポート,新木場,,,,,
東京臨海高速鉄道,埼京線系統,東臨運輸区,70-000形,,Z3,1,Tc',70-039,70-09,1996/3/15,2002/10/16,twr70,twr70-1,,,t,t,東京テレポート,新木場,,,,,
東京臨海高速鉄道,埼京線系統,東臨運輸区,70-000形,,Z3,2,M',70-032,70-10,1996/3/15,2002/10/16,twr70,twr70-2,,,m,m,東京テレポート,新木場,,,,,
東京臨海高速鉄道,埼京線系統,東臨運輸区,70-000形,,Z3,3,M,70-031,70-11,1996/3/15,2002/10/16,twr70,twr70-2,◇,◇,m,m,東京テレポート,新木場,,,,,
東京臨海高速鉄道,埼京線系統,東臨運輸区,70-000形,,Z3,4,Tc,70-030,70-12,1996/3/15,2002/10/16,twr70,twr70-3,,,t,t,東京テレポート,新木場,,,,,
東京臨海高速鉄道,埼京線系統,東臨運輸区,70-000形,,Z4,1,Tc',70-049,70-13,1996/3/17,2002/10/25,twr70,twr70-1,,,t,t,東京テレポート,新木場,,,,,
東京臨海高速鉄道,埼京線系統,東臨運輸区,70-000形,,Z4,2,M',70-042,70-14,1996/3/17,2002/10/25,twr70,twr70-2,,,m,m,東京テレポート,新木場,,,,,
東京臨海高速鉄道,埼京線系統,東臨運輸区,70-000形,,Z4,3,M,70-041,70-15,1996/3/17,2002/10/25,twr70,twr70-2,◇,◇,m,m,東京テレポート,新木場,,,,,
東京臨海高速鉄道,埼京線系統,東臨運輸区,70-000形,,Z4,4,Tc,70-040,70-16,1996/3/17,2002/10/25,twr70,twr70-3,,,t,t,東京テレポート,新木場,,,,,
東京臨海高速鉄道,埼京線系統,東臨運輸区,70-000形,,Z5,1,Tc',70-059,70-17,1999/2/18,2002/11/6,twr70,twr70-1,,,t,t,東京テレポート,新木場,,,,,
東京臨海高速鉄道,埼京線系統,東臨運輸区,70-000形,,Z5,2,M',70-052,70-18,1999/2/18,2002/11/6,twr70,twr70-2,,,m,m,東京テレポート,新木場,,,,,
東京臨海高速鉄道,埼京線系統,東臨運輸区,70-000形,,Z5,3,M,70-051,70-19,1999/2/18,2002/11/6,twr70,twr70-2,◇,◇,m,m,東京テレポート,新木場,,,,,
東京臨海高速鉄道,埼京線系統,東臨運輸区,70-000形,,Z5,4,Tc,70-050,70-20,1999/2/18,2002/11/6,twr70,twr70-3,,,t,t,東京テレポート,新木場,,,,,
東京臨海高速鉄道,埼京線系統,東臨運輸区,70-000形,,Z6,1,Tc',70-069,70-21,2001/1/26,2002/11/21,twr70,twr70-1,,,t,t,天王洲アイル,新木場,,,,,
東京臨海高速鉄道,埼京線系統,東臨運輸区,70-000形,,Z6,2,M',70-062,70-22,2001/1/26,2002/11/21,twr70,twr70-2,,,m,m,天王洲アイル,新木場,,,,,
東京臨海高速鉄道,埼京線系統,東臨運輸区,70-000形,,Z6,3,M,70-061,70-23,2001/1/26,2002/11/21,twr70,twr70-2,◇,◇,m,m,天王洲アイル,新木場,,,,,
東京臨海高速鉄道,埼京線系統,東臨運輸区,70-000形,,Z6,4,Tc,70-060,70-24,2001/1/26,2002/11/21,twr70,twr70-3,,,t,t,天王洲アイル,新木場,,,,,
東京臨海高速鉄道,埼京線系統,東臨運輸区,70-000形,,Z1,1,Tc',70-019,70-01,2002/9/19,2004/10/13,twr70,twr70-1,,,t,t,大崎,新木場,,,,,
東京臨海高速鉄道,埼京線系統,東臨運輸区,70-000形,,Z1,2,M',70-018,70-45,2002/9/19,2004/10/13,twr70,twr70-2,,,m,m,大崎,新木場,,,,,
東京臨海高速鉄道,埼京線系統,東臨運輸区,70-000形,,Z1,3,M,70-017,70-46,2002/9/19,2004/10/13,twr70,twr70-2,◇,,m,m,大崎,新木場,,,,,
東京臨海高速鉄道,埼京線系統,東臨運輸区,70-000形,,Z1,4,M',70-012,70-02,2002/9/19,2004/10/13,twr70,twr70-2,,,m,m,大崎,新木場,,,,,
東京臨海高速鉄道,埼京線系統,東臨運輸区,70-000形,,Z1,5,M,70-011,70-03,2002/9/19,2004/10/13,twr70,twr70-2,◇,,m,m,大崎,新木場,,,,,
東京臨海高速鉄道,埼京線系統,東臨運輸区,70-000形,,Z1,6,Tc,70-010,70-04,2002/9/19,2004/10/13,twr70,twr70-3,,,t,t,大崎,新木場,,,,,
東京臨海高速鉄道,埼京線系統,東臨運輸区,70-000形,,Z2,1,Tc',70-029,70-05,2002/10/4,2004/10/6,twr70,twr70-1,,,t,t,大崎,新木場,,,,,
東京臨海高速鉄道,埼京線系統,東臨運輸区,70-000形,,Z2,2,M',70-028,70-47,2002/10/4,2004/10/6,twr70,twr70-2,,,m,m,大崎,新木場,,,,,
東京臨海高速鉄道,埼京線系統,東臨運輸区,70-000形,,Z2,3,M,70-027,70-48,2002/10/4,2004/10/6,twr70,twr70-2,◇,,m,m,大崎,新木場,,,,,
東京臨海高速鉄道,埼京線系統,東臨運輸区,70-000形,,Z2,4,M',70-022,70-06,2002/10/4,2004/10/6,twr70,twr70-2,,,m,m,大崎,新木場,,,,,
東京臨海高速鉄道,埼京線系統,東臨運輸区,70-000形,,Z2,5,M,70-021,70-07,2002/10/4,2004/10/6,twr70,twr70-2,◇,,m,m,大崎,新木場,,,,,
東京臨海高速鉄道,埼京線系統,東臨運輸区,70-000形,,Z2,6,Tc,70-020,70-08,2002/10/4,2004/10/6,twr70,twr70-3,,,t,t,大崎,新木場,,,,,
東京臨海高速鉄道,埼京線系統,東臨運輸区,70-000形,,Z3,1,Tc',70-039,70-09,2002/10/16,2004/10/2,twr70,twr70-1,,,t,t,大崎,新木場,,,,,
東京臨海高速鉄道,埼京線系統,東臨運輸区,70-000形,,Z3,2,M',70-038,70-59,2002/10/16,2004/10/2,twr70,twr70-2,,,m,m,大崎,新木場,,,,,
東京臨海高速鉄道,埼京線系統,東臨運輸区,70-000形,,Z3,3,M,70-037,70-60,2002/10/16,2004/10/2,twr70,twr70-2,◇,,m,m,大崎,新木場,,,,,
東京臨海高速鉄道,埼京線系統,東臨運輸区,70-000形,,Z3,4,M',70-032,70-10,2002/10/16,2004/10/2,twr70,twr70-2,,,m,m,大崎,新木場,,,,,
東京臨海高速鉄道,埼京線系統,東臨運輸区,70-000形,,Z3,5,M,70-031,70-11,2002/10/16,2004/10/2,twr70,twr70-2,◇,,m,m,大崎,新木場,,,,,
東京臨海高速鉄道,埼京線系統,東臨運輸区,70-000形,,Z3,6,Tc,70-030,70-12,2002/10/16,2004/10/2,twr70,twr70-3,,,t,t,大崎,新木場,,,,,
東京臨海高速鉄道,埼京線系統,東臨運輸区,70-000形,,Z4,1,Tc',70-049,70-13,2002/10/25,2004/10/6,twr70,twr70-1,,,t,t,大崎,新木場,,,,,
東京臨海高速鉄道,埼京線系統,東臨運輸区,70-000形,,Z4,2,M',70-048,70-61,2002/10/25,2004/10/6,twr70,twr70-2,,,m,m,大崎,新木場,,,,,
東京臨海高速鉄道,埼京線系統,東臨運輸区,70-000形,,Z4,3,M,70-047,70-62,2002/10/25,2004/10/6,twr70,twr70-2,◇,,m,m,大崎,新木場,,,,,
東京臨海高速鉄道,埼京線系統,東臨運輸区,70-000形,,Z4,4,M',70-042,70-14,2002/10/25,2004/10/6,twr70,twr70-2,,,m,m,大崎,新木場,,,,,
東京臨海高速鉄道,埼京線系統,東臨運輸区,70-000形,,Z4,5,M,70-041,70-15,2002/10/25,2004/10/6,twr70,twr70-2,◇,,m,m,大崎,新木場,,,,,
東京臨海高速鉄道,埼京線系統,東臨運輸区,70-000形,,Z4,6,Tc,70-040,70-16,2002/10/25,2004/10/6,twr70,twr70-3,,,t,t,大崎,新木場,,,,,
東京臨海高速鉄道,埼京線系統,東臨運輸区,70-000形,,Z5,1,Tc',70-059,70-17,2002/11/6,2004/10/2,twr70,twr70-1,,,t,t,大崎,新木場,,,,,
東京臨海高速鉄道,埼京線系統,東臨運輸区,70-000形,,Z5,2,M',70-058,70-73,2002/11/6,2004/10/2,twr70,twr70-2,,,m,m,大崎,新木場,,,,,
東京臨海高速鉄道,埼京線系統,東臨運輸区,70-000形,,Z5,3,M,70-057,70-74,2002/11/6,2004/10/2,twr70,twr70-2,◇,,m,m,大崎,新木場,,,,,
東京臨海高速鉄道,埼京線系統,東臨運輸区,70-000形,,Z5,4,M',70-052,70-18,2002/11/6,2004/10/2,twr70,twr70-2,,,m,m,大崎,新木場,,,,,
東京臨海高速鉄道,埼京線系統,東臨運輸区,70-000形,,Z5,5,M,70-051,70-19,2002/11/6,2004/10/2,twr70,twr70-2,◇,,m,m,大崎,新木場,,,,,
東京臨海高速鉄道,埼京線系統,東臨運輸区,70-000形,,Z5,6,Tc,70-050,70-20,2002/11/6,2004/10/2,twr70,twr70-3,,,t,t,大崎,新木場,,,,,
東京臨海高速鉄道,埼京線系統,東臨運輸区,70-000形,,Z1,1,Tc',70-019,70-01,2004/10/13,,twr70,twr70-1,,,t,t,川越,新木場,71,,,,
東京臨海高速鉄道,埼京線系統,東臨運輸区,70-000形,,Z1,2,M',70-018,70-45,2004/10/13,,twr70,twr70-2,,,m,m,川越,新木場,71,,,,
東京臨海高速鉄道,埼京線系統,東臨運輸区,70-000形,,Z1,3,M,70-017,70-46,2004/10/13,,twr70,twr70-2,◇,,m,m,川越,新木場,71,,,,
東京臨海高速鉄道,埼京線系統,東臨運輸区,70-000形,,Z1,4,T,70-016,70-85,2004/10/13,,twr70,twr70-2,,,t,t,川越,新木場,71,,,,
東京臨海高速鉄道,埼京線系統,東臨運輸区,70-000形,,Z1,5,M',70-015,70-06,2004/10/13,,twr70,twr70-2,,,m,m,川越,新木場,71,,,,
東京臨海高速鉄道,埼京線系統,東臨運輸区,70-000形,,Z1,6,M,70-014,70-07,2004/10/13,,twr70,twr70-2,◇,,m,m,川越,新木場,71,,,,
東京臨海高速鉄道,埼京線系統,東臨運輸区,70-000形,,Z1,7,T,70-013,70-86,2004/10/13,,twr70,twr70-2,,,t,t,川越,新木場,71,,,,
東京臨海高速鉄道,埼京線系統,東臨運輸区,70-000形,,Z1,8,M',70-012,70-02,2004/10/13,,twr70,twr70-2,,,m,m,川越,新木場,71,,,,
東京臨海高速鉄道,埼京線系統,東臨運輸区,70-000形,,Z1,9,M,70-011,70-03,2004/10/13,,twr70,twr70-2,◇,,m,m,川越,新木場,71,,,we,
東京臨海高速鉄道,埼京線系統,東臨運輸区,70-000形,,Z1,10,Tc,70-010,70-04,2004/10/13,,twr70,twr70-3,,,t,t,川越,新木場,71,,,wo,
東京臨海高速鉄道,埼京線系統,東臨運輸区,70-000形,,Z2,1,Tc',70-029,70-05,2004/10/6,,twr70,twr70-1,,,t,t,川越,新木場,72,,,,
東京臨海高速鉄道,埼京線系統,東臨運輸区,70-000形,,Z2,2,M',70-028,70-47,2004/10/6,,twr70,twr70-2,,,m,m,川越,新木場,72,,,,
東京臨海高速鉄道,埼京線系統,東臨運輸区,70-000形,,Z2,3,M,70-027,70-48,2004/10/6,,twr70,twr70-2,◇,,m,m,川越,新木場,72,,,,
東京臨海高速鉄道,埼京線系統,東臨運輸区,70-000形,,Z2,4,T,70-026,70-83,2004/10/6,,twr70,twr70-2,,,t,t,川越,新木場,72,,,,
東京臨海高速鉄道,埼京線系統,東臨運輸区,70-000形,,Z2,5,M',70-025,70-10,2004/10/6,,twr70,twr70-2,,,m,m,川越,新木場,72,,,,
東京臨海高速鉄道,埼京線系統,東臨運輸区,70-000形,,Z2,6,M,70-024,70-11,2004/10/6,,twr70,twr70-2,◇,,m,m,川越,新木場,72,,,,
東京臨海高速鉄道,埼京線系統,東臨運輸区,70-000形,,Z2,7,T,70-023,70-84,2004/10/6,,twr70,twr70-2,,,t,t,川越,新木場,72,,,,
東京臨海高速鉄道,埼京線系統,東臨運輸区,70-000形,,Z2,8,M',70-022,70-06,2004/10/6,,twr70,twr70-2,,,m,m,川越,新木場,72,,,,
東京臨海高速鉄道,埼京線系統,東臨運輸区,70-000形,,Z2,9,M,70-021,70-07,2004/10/6,,twr70,twr70-2,◇,,m,m,川越,新木場,72,,,we,
東京臨海高速鉄道,埼京線系統,東臨運輸区,70-000形,,Z2,10,Tc,70-020,70-08,2004/10/6,,twr70,twr70-3,,,t,t,川越,新木場,72,,,wo,
東京臨海高速鉄道,埼京線系統,東臨運輸区,70-000形,,Z3,1,Tc',70-039,70-09,2004/10/2,,twr70,twr70-1,,,t,t,川越,新木場,73,,,,
東京臨海高速鉄道,埼京線系統,東臨運輸区,70-000形,,Z3,2,M',70-038,70-59,2004/10/2,,twr70,twr70-2,,,m,m,川越,新木場,73,,,,
東京臨海高速鉄道,埼京線系統,東臨運輸区,70-000形,,Z3,3,M,70-037,70-60,2004/10/2,,twr70,twr70-2,◇,,m,m,川越,新木場,73,,,,
東京臨海高速鉄道,埼京線系統,東臨運輸区,70-000形,,Z3,4,T,70-036,70-81,2004/10/2,,twr70,twr70-2,,,t,t,川越,新木場,73,,,,
東京臨海高速鉄道,埼京線系統,東臨運輸区,70-000形,,Z3,5,M',70-035,70-18,2004/10/2,,twr70,twr70-2,,,m,m,川越,新木場,73,,,,
東京臨海高速鉄道,埼京線系統,東臨運輸区,70-000形,,Z3,6,M,70-034,70-19,2004/10/2,,twr70,twr70-2,◇,,m,m,川越,新木場,73,,,,
東京臨海高速鉄道,埼京線系統,東臨運輸区,70-000形,,Z3,7,T,70-033,70-82,2004/10/2,,twr70,twr70-2,,,t,t,川越,新木場,73,,,,
東京臨海高速鉄道,埼京線系統,東臨運輸区,70-000形,,Z3,8,M',70-032,70-10,2004/10/2,,twr70,twr70-2,,,m,m,川越,新木場,73,,,,
東京臨海高速鉄道,埼京線系統,東臨運輸区,70-000形,,Z3,9,M,70-031,70-11,2004/10/2,,twr70,twr70-2,◇,,m,m,川越,新木場,73,,,we,
東京臨海高速鉄道,埼京線系統,東臨運輸区,70-000形,,Z3,10,Tc,70-030,70-12,2004/10/2,,twr70,twr70-3,,,t,t,川越,新木場,73,,,wo,
東京臨海高速鉄道,埼京線系統,東臨運輸区,70-000形,,Z6,1,Tc',70-069,70-21,2002/11/21,,twr70,twr70-1,,,t,t,川越,新木場,76,,,,
東京臨海高速鉄道,埼京線系統,東臨運輸区,70-000形,,Z6,2,M',70-068,70-22,2002/11/21,,twr70,twr70-2,,,m,m,川越,新木場,76,,,,
東京臨海高速鉄道,埼京線系統,東臨運輸区,70-000形,,Z6,3,M,70-067,70-75,2002/11/21,,twr70,twr70-2,◇,,m,m,川越,新木場,76,,,,
東京臨海高速鉄道,埼京線系統,東臨運輸区,70-000形,,Z6,4,T,70-066,70-76,2002/11/21,,twr70,twr70-2,,,t,t,川越,新木場,76,,,,
東京臨海高速鉄道,埼京線系統,東臨運輸区,70-000形,,Z6,5,M',70-065,70-77,2002/11/21,,twr70,twr70-2,,,m,m,川越,新木場,76,,,,
東京臨海高速鉄道,埼京線系統,東臨運輸区,70-000形,,Z6,6,M,70-064,70-78,2002/11/21,,twr70,twr70-2,◇,,m,m,川越,新木場,76,,,,
東京臨海高速鉄道,埼京線系統,東臨運輸区,70-000形,,Z6,7,T,70-063,70-79,2002/11/21,,twr70,twr70-2,,,t,t,川越,新木場,76,,,,
東京臨海高速鉄道,埼京線系統,東臨運輸区,70-000形,,Z6,8,M',70-062,70-80,2002/11/21,,twr70,twr70-2,,,m,m,川越,新木場,76,,,,
東京臨海高速鉄道,埼京線系統,東臨運輸区,70-000形,,Z6,9,M,70-061,70-23,2002/11/21,,twr70,twr70-2,◇,,m,m,川越,新木場,76,,,we,
東京臨海高速鉄道,埼京線系統,東臨運輸区,70-000形,,Z6,10,Tc,70-060,70-24,2002/11/21,,twr70,twr70-3,,,t,t,川越,新木場,76,,,wo,
東京臨海高速鉄道,埼京線系統,東臨運輸区,70-000形,,Z7,1,Tc',70-079,70-25,2002/8/30,,twr70,twr70-1,,,t,t,川越,新木場,77,,,,
東京臨海高速鉄道,埼京線系統,東臨運輸区,70-000形,,Z7,2,M',70-078,70-26,2002/8/30,,twr70,twr70-2,,,m,m,川越,新木場,77,,,,
東京臨海高速鉄道,埼京線系統,東臨運輸区,70-000形,,Z7,3,M,70-077,70-27,2002/8/30,,twr70,twr70-2,◇,,m,m,川越,新木場,77,,,,
東京臨海高速鉄道,埼京線系統,東臨運輸区,70-000形,,Z7,4,T,70-076,70-28,2002/8/30,,twr70,twr70-2,,,t,t,川越,新木場,77,,,,
東京臨海高速鉄道,埼京線系統,東臨運輸区,70-000形,,Z7,5,M',70-075,70-29,2002/8/30,,twr70,twr70-2,,,m,m,川越,新木場,77,,,,
東京臨海高速鉄道,埼京線系統,東臨運輸区,70-000形,,Z7,6,M,70-074,70-30,2002/8/30,,twr70,twr70-2,◇,,m,m,川越,新木場,77,,,,
東京臨海高速鉄道,埼京線系統,東臨運輸区,70-000形,,Z7,7,T,70-073,70-31,2002/8/30,,twr70,twr70-2,,,t,t,川越,新木場,77,,,,
東京臨海高速鉄道,埼京線系統,東臨運輸区,70-000形,,Z7,8,M',70-072,70-32,2002/8/30,,twr70,twr70-2,,,m,m,川越,新木場,77,,,,
東京臨海高速鉄道,埼京線系統,東臨運輸区,70-000形,,Z7,9,M,70-071,70-33,2002/8/30,,twr70,twr70-2,◇,,m,m,川越,新木場,77,,,we,
東京臨海高速鉄道,埼京線系統,東臨運輸区,70-000形,,Z7,10,Tc,70-070,70-34,2002/8/30,,twr70,twr70-3,,,t,t,川越,新木場,77,,,wo,
東京臨海高速鉄道,埼京線系統,東臨運輸区,70-000形,,Z8,1,Tc',70-089,70-35,2002/9/13,2025/5/24,twr70,twr70-1,,,t,t,川越,新木場,78,,,,
東京臨海高速鉄道,埼京線系統,東臨運輸区,70-000形,,Z8,2,M',70-088,70-36,2002/9/13,2025/5/24,twr70,twr70-2,,,m,m,川越,新木場,78,,,,
東京臨海高速鉄道,埼京線系統,東臨運輸区,70-000形,,Z8,3,M,70-087,70-37,2002/9/13,2025/5/24,twr70,twr70-2,◇,,m,m,川越,新木場,78,,,,
東京臨海高速鉄道,埼京線系統,東臨運輸区,70-000形,,Z8,4,T,70-086,70-38,2002/9/13,2025/5/24,twr70,twr70-2,,,t,t,川越,新木場,78,,,,
東京臨海高速鉄道,埼京線系統,東臨運輸区,70-000形,,Z8,5,M',70-085,70-39,2002/9/13,2025/5/24,twr70,twr70-2,,,m,m,川越,新木場,78,,,,
東京臨海高速鉄道,埼京線系統,東臨運輸区,70-000形,,Z8,6,M,70-084,70-40,2002/9/13,2025/5/24,twr70,twr70-2,◇,,m,m,川越,新木場,78,,,,
東京臨海高速鉄道,埼京線系統,東臨運輸区,70-000形,,Z8,7,T,70-083,70-41,2002/9/13,2025/5/24,twr70,twr70-2,,,t,t,川越,新木場,78,,,,
東京臨海高速鉄道,埼京線系統,東臨運輸区,70-000形,,Z8,8,M',70-082,70-42,2002/9/13,2025/5/24,twr70,twr70-2,,,m,m,川越,新木場,78,,,,
東京臨海高速鉄道,埼京線系統,東臨運輸区,70-000形,,Z8,9,M,70-081,70-43,2002/9/13,2025/5/24,twr70,twr70-2,◇,,m,m,川越,新木場,78,,,we,
東京臨海高速鉄道,埼京線系統,東臨運輸区,70-000形,,Z8,10,Tc,70-080,70-44,2002/9/13,2025/5/24,twr70,twr70-3,,,t,t,川越,新木場,78,,,wo,
東京臨海高速鉄道,埼京線系統,東臨運輸区,70-000形,,Z9,1,Tc',70-099,70-49,2002/10/11,2025/11/1,twr70,twr70-1,,,t,t,川越,新木場,79,,,,
東京臨海高速鉄道,埼京線系統,東臨運輸区,70-000形,,Z9,2,M',70-098,70-50,2002/10/11,2025/11/1,twr70,twr70-2,,,m,m,川越,新木場,79,,,,
東京臨海高速鉄道,埼京線系統,東臨運輸区,70-000形,,Z9,3,M,70-097,70-51,2002/10/11,2025/11/1,twr70,twr70-2,◇,,m,m,川越,新木場,79,,,,
東京臨海高速鉄道,埼京線系統,東臨運輸区,70-000形,,Z9,4,T,70-096,70-52,2002/10/11,2025/11/1,twr70,twr70-2,,,t,t,川越,新木場,79,,,,
東京臨海高速鉄道,埼京線系統,東臨運輸区,70-000形,,Z9,5,M',70-095,70-53,2002/10/11,2025/11/1,twr70,twr70-2,,,m,m,川越,新木場,79,,,,
東京臨海高速鉄道,埼京線系統,東臨運輸区,70-000形,,Z9,6,M,70-094,70-54,2002/10/11,2025/11/1,twr70,twr70-2,◇,,m,m,川越,新木場,79,,,,
東京臨海高速鉄道,埼京線系統,東臨運輸区,70-000形,,Z9,7,T,70-093,70-55,2002/10/11,2025/11/1,twr70,twr70-2,,,t,t,川越,新木場,79,,,,
東京臨海高速鉄道,埼京線系統,東臨運輸区,70-000形,,Z9,8,M',70-092,70-56,2002/10/11,2025/11/1,twr70,twr70-2,,,m,m,川越,新木場,79,,,,
東京臨海高速鉄道,埼京線系統,東臨運輸区,70-000形,,Z9,9,M,70-091,70-57,2002/10/11,2025/11/1,twr70,twr70-2,◇,,m,m,川越,新木場,79,,,we,
東京臨海高速鉄道,埼京線系統,東臨運輸区,70-000形,,Z9,10,Tc,70-090,70-58,2002/10/11,2025/11/1,twr70,twr70-3,,,t,t,川越,新木場,79,,,wo,
東京臨海高速鉄道,埼京線系統,東臨運輸区,70-000形,,Z10,1,Tc',70-109,70-63,2002/11/1,,twr70,twr70-1,,,t,t,川越,新木場,80,,,,
東京臨海高速鉄道,埼京線系統,東臨運輸区,70-000形,,Z10,2,M',70-108,70-64,2002/11/1,,twr70,twr70-2,,,m,m,川越,新木場,80,,,,
東京臨海高速鉄道,埼京線系統,東臨運輸区,70-000形,,Z10,3,M,70-107,70-65,2002/11/1,,twr70,twr70-2,◇,,m,m,川越,新木場,80,,,,
東京臨海高速鉄道,埼京線系統,東臨運輸区,70-000形,,Z10,4,T,70-106,70-66,2002/11/1,,twr70,twr70-2,,,t,t,川越,新木場,80,,,,
東京臨海高速鉄道,埼京線系統,東臨運輸区,70-000形,,Z10,5,M',70-105,70-67,2002/11/1,,twr70,twr70-2,,,m,m,川越,新木場,80,,,,
東京臨海高速鉄道,埼京線系統,東臨運輸区,70-000形,,Z10,6,M,70-104,70-68,2002/11/1,,twr70,twr70-2,◇,,m,m,川越,新木場,80,,,,
東京臨海高速鉄道,埼京線系統,東臨運輸区,70-000形,,Z10,7,T,70-103,70-69,2002/11/1,,twr70,twr70-2,,,t,t,川越,新木場,80,,,,
東京臨海高速鉄道,埼京線系統,東臨運輸区,70-000形,,Z10,8,M',70-102,70-70,2002/11/1,,twr70,twr70-2,,,m,m,川越,新木場,80,,,,
東京臨海高速鉄道,埼京線系統,東臨運輸区,70-000形,,Z10,9,M,70-101,70-71,2002/11/1,,twr70,twr70-2,◇,,m,m,川越,新木場,80,,,we,
東京臨海高速鉄道,埼京線系統,東臨運輸区,70-000形,,Z10,10,Tc,70-100,70-72,2002/11/1,,twr70,twr70-3,,,t,t,川越,新木場,80,,,wo,
東京臨海高速鉄道,埼京線系統,東臨運輸区,71-000形,,Z11,1,Tc',71-101,71-01,2024/11/21,,twr71,twr71-1,,,t,t,川越,新木場,171,,,,
東京臨海高速鉄道,埼京線系統,東臨運輸区,71-000形,,Z11,2,M',71-102,71-02,2024/11/21,,twr71,twr71-2,,,m,m,川越,新木場,171,,,,
東京臨海高速鉄道,埼京線系統,東臨運輸区,71-000形,,Z11,3,M,71-103,71-03,2024/11/21,,twr71,twr71-2,＜,>,m,m,川越,新木場,171,,,,
東京臨海高速鉄道,埼京線系統,東臨運輸区,71-000形,,Z11,4,T,71-104,71-04,2024/11/21,,twr71,twr71-2,,,t,t,川越,新木場,171,,,,
東京臨海高速鉄道,埼京線系統,東臨運輸区,71-000形,,Z11,5,M',71-105,71-05,2024/11/21,,twr71,twr71-2,,,m,m,川越,新木場,171,,,,
東京臨海高速鉄道,埼京線系統,東臨運輸区,71-000形,,Z11,6,M,71-106,71-06,2024/11/21,,twr71,twr71-2,＜,,m,m,川越,新木場,171,,,,
東京臨海高速鉄道,埼京線系統,東臨運輸区,71-000形,,Z11,7,T,71-107,71-07,2024/11/21,,twr71,twr71-2,,,t,t,川越,新木場,171,,,,
東京臨海高速鉄道,埼京線系統,東臨運輸区,71-000形,,Z11,8,M',71-108,71-08,2024/11/21,,twr71,twr71-2,,,m,m,川越,新木場,171,,,,
東京臨海高速鉄道,埼京線系統,東臨運輸区,71-000形,,Z11,9,M,71-109,71-09,2024/11/21,,twr71,twr71-2,＜,,m,m,川越,新木場,171,,,we,
東京臨海高速鉄道,埼京線系統,東臨運輸区,71-000形,,Z11,10,Tc,71-110,71-10,2024/11/21,,twr71,twr71-3,,,t,t,川越,新木場,171,,,wo,
東京臨海高速鉄道,埼京線系統,東臨運輸区,71-000形,,Z12,1,Tc',71-201,71-11,2025/6/5,,twr71,twr71-1,,,t,t,川越,新木場,172,,,,
東京臨海高速鉄道,埼京線系統,東臨運輸区,71-000形,,Z12,2,M',71-202,71-12,2025/6/5,,twr71,twr71-2,,,m,m,川越,新木場,172,,,,
東京臨海高速鉄道,埼京線系統,東臨運輸区,71-000形,,Z12,3,M,71-203,71-13,2025/6/5,,twr71,twr71-2,＜,>,m,m,川越,新木場,172,,,,
東京臨海高速鉄道,埼京線系統,東臨運輸区,71-000形,,Z12,4,T,71-204,71-14,2025/6/5,,twr71,twr71-2,,,t,t,川越,新木場,172,,,,
東京臨海高速鉄道,埼京線系統,東臨運輸区,71-000形,,Z12,5,M',71-205,71-15,2025/6/5,,twr71,twr71-2,,,m,m,川越,新木場,172,,,,
東京臨海高速鉄道,埼京線系統,東臨運輸区,71-000形,,Z12,6,M,71-206,71-16,2025/6/5,,twr71,twr71-2,＜,,m,m,川越,新木場,172,,,,
東京臨海高速鉄道,埼京線系統,東臨運輸区,71-000形,,Z12,7,T,71-207,71-17,2025/6/5,,twr71,twr71-2,,,t,t,川越,新木場,172,,,,
東京臨海高速鉄道,埼京線系統,東臨運輸区,71-000形,,Z12,8,M',71-208,71-18,2025/6/5,,twr71,twr71-2,,,m,m,川越,新木場,172,,,,
東京臨海高速鉄道,埼京線系統,東臨運輸区,71-000形,,Z12,9,M,71-209,71-19,2025/6/5,,twr71,twr71-2,＜,,m,m,川越,新木場,172,,,we,
東京臨海高速鉄道,埼京線系統,東臨運輸区,71-000形,,Z12,10,Tc,71-210,71-20,2025/6/5,,twr71,twr71-3,,,t,t,川越,新木場,172,,,wo,
東京臨海高速鉄道,埼京線系統,東臨運輸区,71-000形,,Z13,1,Tc',71-301,71-21,2025/11/13,,twr71,twr71-1,,,t,t,川越,新木場,173,,,,
東京臨海高速鉄道,埼京線系統,東臨運輸区,71-000形,,Z13,2,M',71-302,71-22,2025/11/13,,twr71,twr71-2,,,m,m,川越,新木場,173,,,,
東京臨海高速鉄道,埼京線系統,東臨運輸区,71-000形,,Z13,3,M,71-303,71-23,2025/11/13,,twr71,twr71-2,＜,>,m,m,川越,新木場,173,,,,
東京臨海高速鉄道,埼京線系統,東臨運輸区,71-000形,,Z13,4,T,71-304,71-24,2025/11/13,,twr71,twr71-2,,,t,t,川越,新木場,173,,,,
東京臨海高速鉄道,埼京線系統,東臨運輸区,71-000形,,Z13,5,M',71-305,71-25,2025/11/13,,twr71,twr71-2,,,m,m,川越,新木場,173,,,,
東京臨海高速鉄道,埼京線系統,東臨運輸区,71-000形,,Z13,6,M,71-306,71-26,2025/11/13,,twr71,twr71-2,＜,,m,m,川越,新木場,173,,,,
東京臨海高速鉄道,埼京線系統,東臨運輸区,71-000形,,Z13,7,T,71-307,71-27,2025/11/13,,twr71,twr71-2,,,t,t,川越,新木場,173,,,,
東京臨海高速鉄道,埼京線系統,東臨運輸区,71-000形,,Z13,8,M',71-308,71-28,2025/11/13,,twr71,twr71-2,,,m,m,川越,新木場,173,,,,
東京臨海高速鉄道,埼京線系統,東臨運輸区,71-000形,,Z13,9,M,71-309,71-29,2025/11/13,,twr71,twr71-2,＜,,m,m,川越,新木場,173,,,we,
東京臨海高速鉄道,埼京線系統,東臨運輸区,71-000形,,Z13,10,Tc,71-310,71-30,2025/11/13,,twr71,twr71-3,,,t,t,川越,新木場,173,,,wo,
東京臨海高速鉄道,埼京線系統,東臨運輸区,71-000形,,Z14,1,Tc',71-401,71-31,,,twr71,twr71-1,,,t,t,川越,新木場,174,,,,
東京臨海高速鉄道,埼京線系統,東臨運輸区,71-000形,,Z14,2,M',71-402,71-32,,,twr71,twr71-2,,,m,m,川越,新木場,174,,,,
東京臨海高速鉄道,埼京線系統,東臨運輸区,71-000形,,Z14,3,M,71-403,71-33,,,twr71,twr71-2,＜,>,m,m,川越,新木場,174,,,,
東京臨海高速鉄道,埼京線系統,東臨運輸区,71-000形,,Z14,4,T,71-404,71-34,,,twr71,twr71-2,,,t,t,川越,新木場,174,,,,
東京臨海高速鉄道,埼京線系統,東臨運輸区,71-000形,,Z14,5,M',71-405,71-35,,,twr71,twr71-2,,,m,m,川越,新木場,174,,,,
東京臨海高速鉄道,埼京線系統,東臨運輸区,71-000形,,Z14,6,M,71-406,71-36,,,twr71,twr71-2,＜,,m,m,川越,新木場,174,,,,
東京臨海高速鉄道,埼京線系統,東臨運輸区,71-000形,,Z14,7,T,71-407,71-37,,,twr71,twr71-2,,,t,t,川越,新木場,174,,,,
東京臨海高速鉄道,埼京線系統,東臨運輸区,71-000形,,Z14,8,M',71-408,71-38,,,twr71,twr71-2,,,m,m,川越,新木場,174,,,,
東京臨海高速鉄道,埼京線系統,東臨運輸区,71-000形,,Z14,9,M,71-409,71-39,,,twr71,twr71-2,＜,,m,m,川越,新木場,174,,,we,
東京臨海高速鉄道,埼京線系統,東臨運輸区,71-000形,,Z14,10,Tc,71-410,71-40,,,twr71,twr71-3,,,t,t,川越,新木場,174,,,wo,
東京臨海高速鉄道,埼京線系統,東臨運輸区,71-000形,,Z15,1,Tc',71-501,71-41,,,twr71,twr71-1,,,t,t,川越,新木場,175,,,,
東京臨海高速鉄道,埼京線系統,東臨運輸区,71-000形,,Z15,2,M',71-502,71-42,,,twr71,twr71-2,,,m,m,川越,新木場,175,,,,
東京臨海高速鉄道,埼京線系統,東臨運輸区,71-000形,,Z15,3,M,71-503,71-43,,,twr71,twr71-2,＜,>,m,m,川越,新木場,175,,,,
東京臨海高速鉄道,埼京線系統,東臨運輸区,71-000形,,Z15,4,T,71-504,71-44,,,twr71,twr71-2,,,t,t,川越,新木場,175,,,,
東京臨海高速鉄道,埼京線系統,東臨運輸区,71-000形,,Z15,5,M',71-505,71-45,,,twr71,twr71-2,,,m,m,川越,新木場,175,,,,
東京臨海高速鉄道,埼京線系統,東臨運輸区,71-000形,,Z15,6,M,71-506,71-46,,,twr71,twr71-2,＜,,m,m,川越,新木場,175,,,,
東京臨海高速鉄道,埼京線系統,東臨運輸区,71-000形,,Z15,7,T,71-507,71-47,,,twr71,twr71-2,,,t,t,川越,新木場,175,,,,
東京臨海高速鉄道,埼京線系統,東臨運輸区,71-000形,,Z15,8,M',71-508,71-48,,,twr71,twr71-2,,,m,m,川越,新木場,175,,,,
東京臨海高速鉄道,埼京線系統,東臨運輸区,71-000形,,Z15,9,M,71-509,71-49,,,twr71,twr71-2,＜,,m,m,川越,新木場,175,,,we,
東京臨海高速鉄道,埼京線系統,東臨運輸区,71-000形,,Z15,10,Tc,71-510,71-50,,,twr71,twr71-3,,,t,t,川越,新木場,175,,,wo,
東京臨海高速鉄道,埼京線系統,東臨運輸区,71-000形,,Z16,1,Tc',71-601,71-51,,,twr71,twr71-1,,,t,t,川越,新木場,176,,,,
東京臨海高速鉄道,埼京線系統,東臨運輸区,71-000形,,Z16,2,M',71-602,71-52,,,twr71,twr71-2,,,m,m,川越,新木場,176,,,,
東京臨海高速鉄道,埼京線系統,東臨運輸区,71-000形,,Z16,3,M,71-603,71-53,,,twr71,twr71-2,＜,>,m,m,川越,新木場,176,,,,
東京臨海高速鉄道,埼京線系統,東臨運輸区,71-000形,,Z16,4,T,71-604,71-54,,,twr71,twr71-2,,,t,t,川越,新木場,176,,,,
東京臨海高速鉄道,埼京線系統,東臨運輸区,71-000形,,Z16,5,M',71-605,71-55,,,twr71,twr71-2,,,m,m,川越,新木場,176,,,,
東京臨海高速鉄道,埼京線系統,東臨運輸区,71-000形,,Z16,6,M,71-606,71-56,,,twr71,twr71-2,＜,,m,m,川越,新木場,176,,,,
東京臨海高速鉄道,埼京線系統,東臨運輸区,71-000形,,Z16,7,T,71-607,71-57,,,twr71,twr71-2,,,t,t,川越,新木場,176,,,,
東京臨海高速鉄道,埼京線系統,東臨運輸区,71-000形,,Z16,8,M',71-608,71-58,,,twr71,twr71-2,,,m,m,川越,新木場,176,,,,
東京臨海高速鉄道,埼京線系統,東臨運輸区,71-000形,,Z16,9,M,71-609,71-59,,,twr71,twr71-2,＜,,m,m,川越,新木場,176,,,we,
東京臨海高速鉄道,埼京線系統,東臨運輸区,71-000形,,Z16,10,Tc,71-610,71-60,,,twr71,twr71-3,,,t,t,川越,新木場,176,,,wo,
東京臨海高速鉄道,埼京線系統,東臨運輸区,71-000形,,Z17,1,Tc',71-701,71-61,,,twr71,twr71-1,,,t,t,川越,新木場,177,,,,
東京臨海高速鉄道,埼京線系統,東臨運輸区,71-000形,,Z17,2,M',71-702,71-62,,,twr71,twr71-2,,,m,m,川越,新木場,177,,,,
東京臨海高速鉄道,埼京線系統,東臨運輸区,71-000形,,Z17,3,M,71-703,71-63,,,twr71,twr71-2,＜,>,m,m,川越,新木場,177,,,,
東京臨海高速鉄道,埼京線系統,東臨運輸区,71-000形,,Z17,4,T,71-704,71-64,,,twr71,twr71-2,,,t,t,川越,新木場,177,,,,
東京臨海高速鉄道,埼京線系統,東臨運輸区,71-000形,,Z17,5,M',71-705,71-65,,,twr71,twr71-2,,,m,m,川越,新木場,177,,,,
東京臨海高速鉄道,埼京線系統,東臨運輸区,71-000形,,Z17,6,M,71-706,71-66,,,twr71,twr71-2,＜,,m,m,川越,新木場,177,,,,
東京臨海高速鉄道,埼京線系統,東臨運輸区,71-000形,,Z17,7,T,71-707,71-67,,,twr71,twr71-2,,,t,t,川越,新木場,177,,,,
東京臨海高速鉄道,埼京線系統,東臨運輸区,71-000形,,Z17,8,M',71-708,71-68,,,twr71,twr71-2,,,m,m,川越,新木場,177,,,,
東京臨海高速鉄道,埼京線系統,東臨運輸区,71-000形,,Z17,9,M,71-709,71-69,,,twr71,twr71-2,＜,,m,m,川越,新木場,177,,,we,
東京臨海高速鉄道,埼京線系統,東臨運輸区,71-000形,,Z17,10,Tc,71-710,71-70,,,twr71,twr71-3,,,t,t,川越,新木場,177,,,wo,
東京臨海高速鉄道,埼京線系統,東臨運輸区,71-000形,,Z18,1,Tc',71-801,71-71,,,twr71,twr71-1,,,t,t,川越,新木場,178,,,,
東京臨海高速鉄道,埼京線系統,東臨運輸区,71-000形,,Z18,2,M',71-802,71-72,,,twr71,twr71-2,,,m,m,川越,新木場,178,,,,
東京臨海高速鉄道,埼京線系統,東臨運輸区,71-000形,,Z18,3,M,71-803,71-73,,,twr71,twr71-2,＜,>,m,m,川越,新木場,178,,,,
東京臨海高速鉄道,埼京線系統,東臨運輸区,71-000形,,Z18,4,T,71-804,71-74,,,twr71,twr71-2,,,t,t,川越,新木場,178,,,,
東京臨海高速鉄道,埼京線系統,東臨運輸区,71-000形,,Z18,5,M',71-805,71-75,,,twr71,twr71-2,,,m,m,川越,新木場,178,,,,
東京臨海高速鉄道,埼京線系統,東臨運輸区,71-000形,,Z18,6,M,71-806,71-76,,,twr71,twr71-2,＜,,m,m,川越,新木場,178,,,,
東京臨海高速鉄道,埼京線系統,東臨運輸区,71-000形,,Z18,7,T,71-807,71-77,,,twr71,twr71-2,,,t,t,川越,新木場,178,,,,
東京臨海高速鉄道,埼京線系統,東臨運輸区,71-000形,,Z18,8,M',71-808,71-78,,,twr71,twr71-2,,,m,m,川越,新木場,178,,,,
東京臨海高速鉄道,埼京線系統,東臨運輸区,71-000形,,Z18,9,M,71-809,71-79,,,twr71,twr71-2,＜,,m,m,川越,新木場,178,,,we,
東京臨海高速鉄道,埼京線系統,東臨運輸区,71-000形,,Z18,10,Tc,71-810,71-80,,,twr71,twr71-3,,,t,t,川越,新木場,178,,,wo,